id,oi_id,quantity,price_each,total_sales
1,1,30,95.7,2871
2,2,34,81.35,2765.9
3,3,41,94.74,3884.34
4,4,45,83.26,3746.7
5,5,49,100,5205.27
6,6,36,96.66,3479.76
7,7,29,86.13,2497.77
8,8,48,100,5512.32
9,9,22,98.57,2168.54
10,10,41,100,4708.44
11,11,37,100,3965.66
12,12,23,100,2333.12
13,13,28,100,3188.64
14,14,34,100,3676.76
15,15,45,92.83,4177.35
16,16,36,100,4099.68
17,17,23,100,2597.39
18,18,41,100,4394.38
19,19,46,94.74,4358.04
20,20,42,100,4396.14
21,21,41,100,7737.93
22,22,20,72.55,1451
23,23,21,34.91,733.11
24,24,42,76.36,3207.12
25,25,24,100,2434.56
26,26,66,100,7516.08
27,27,26,100,5404.62
28,28,29,100,7209.11
29,29,38,100,7329.06
30,30,37,100,7374.1
31,31,45,100,10993.5
32,32,21,100,4860.24
33,33,34,100,8014.82
34,34,23,100,5372.57
35,35,42,100,7290.36
36,36,47,100,9064.89
37,37,35,100,6075.3
38,38,29,100,6463.23
39,39,34,100,6120.34
40,40,32,100,7680.64
41,41,21,100,4905.39
42,42,34,100,8014.82
43,43,37,100,7136.19
44,44,47,100,10172.7
45,45,48,100,11623.7
46,46,40,100,6000.4
47,47,26,100,3003
48,48,30,100,3944.7
49,49,32,100,5691.84
50,50,41,100,4514.92
51,51,36,100,8254.8
52,52,24,100,2416.56
53,53,23,100,4140.23
54,54,50,100,12001
55,55,39,99.91,3896.49
56,56,29,96.34,2793.86
57,57,27,100,3307.77
58,58,37,100,5192.95
59,59,37,100,5016.83
60,60,27,100,3660.93
61,61,42,100,4695.6
62,62,38,96.34,3660.92
63,63,24,100,3025.92
64,64,23,100,3009.09
65,65,47,100,5422.39
66,66,22,100,2852.08
67,67,44,100,5756.52
68,68,40,100,4472
69,69,22,100,2904.44
70,70,47,100,6484.59
71,71,39,96.34,3757.26
72,72,34,100,4043.96
73,73,45,100,5566.5
74,74,20,100,3176
75,75,40,68.92,2756.8
76,76,26,51.15,1329.9
77,77,39,100,5288.01
78,78,50,44.51,2225.5
79,79,45,100,5833.8
80,80,45,100,5887.35
81,81,27,100,6065.55
82,82,46,100,9264.86
83,83,31,100,7023.98
84,84,33,100,5176.38
85,85,22,100,4132.7
86,86,20,100,4183
87,87,41,100,8892.9
88,88,45,100,8714.7
89,89,49,100,8065.89
90,90,34,100,6123.4
91,91,49,100,9774.03
92,92,39,100,7023.9
93,93,43,100,7078.23
94,94,41,100,8336.94
95,95,36,100,6901.92
96,96,27,100,5438.07
97,97,29,100,6683.34
98,98,20,100,4570.4
99,99,37,100,7667.14
100,100,26,100,5868.2
101,101,39,76.67,2990.13
102,102,22,100,3664.1
103,103,22,100,3834.38
104,104,21,86.77,1822.17
105,105,66,100,11886.6
106,106,56,100,9218.16
107,107,50,100,7208
108,108,46,100,5004.8
109,109,33,100,4398.24
110,110,49,100,5597.76
111,111,32,100,4526.08
112,112,44,100,5924.16
113,113,24,100,3492.48
114,114,26,100,3854.24
115,115,45,100,5324.4
116,116,39,100,5197.92
117,117,49,100,5997.6
118,118,20,100,2910.4
119,119,27,100,3378.24
120,120,30,100,3508.8
121,121,25,100,2992
122,122,24,100,3427.2
123,123,22,100,2692.8
124,124,33,100,4128.96
125,125,47,64.93,3051.71
126,126,25,48.05,1201.25
127,127,26,75.47,1962.22
128,128,48,54.68,2624.64
129,129,39,100,4046.25
130,130,34,100,4846.7
131,131,32,100,3370.56
132,132,64,100,9661.44
133,133,19,100,2764.88
134,134,42,100,5398.26
135,135,31,100,4305.28
136,136,22,100,3347.74
137,137,26,100,3188.12
138,138,20,100,3191.2
139,139,21,100,3536.82
140,140,33,100,5362.83
141,141,28,100,3433.36
142,142,26,100,4263.74
143,143,31,100,4076.19
144,144,48,100,7020.48
145,145,50,100,6426.5
146,146,28,100,4591.72
147,147,26,100,4033.38
148,148,32,100,4302.08
149,149,44,100,7020.64
150,150,30,100,3855.9
151,151,38,100,6680.78
152,152,40,100,6678
153,153,46,61.99,2851.54
154,154,26,100,3188.12
155,155,27,100,4428
156,156,43,100,5780.92
157,157,35,65.63,2297.05
158,158,37,100,6231.54
159,159,37,46.9,1735.3
160,160,27,100,4427.73
161,161,38,100,5894.94
162,162,33,100,5265.15
163,163,42,100,7599.9
164,164,42,100,8008.56
165,165,48,100,9245.76
166,166,41,100,8296.35
167,167,30,100,5019.9
168,168,27,100,5411.07
169,169,21,100,3840.9
170,170,20,100,3930.4
171,171,41,100,7498.9
172,172,27,100,4517.91
173,173,28,100,5774.72
174,174,24,100,3922.56
175,175,44,100,9160.36
176,176,50,100,9631
177,177,21,100,3432.24
178,178,33,100,5521.89
179,179,33,100,6934.62
180,180,31,100,6876.11
181,181,41,71.47,2930.27
182,182,45,79.65,3584.25
183,183,33,85.39,2817.87
184,184,45,76,3420
185,185,26,99.04,2575.04
186,186,12,100,1961.28
187,187,41,100,8690.36
188,188,33,100,6034.38
189,189,46,100,11279.2
190,190,33,100,8023.29
191,191,20,100,4904
192,192,44,100,8594.52
193,193,33,100,7474.5
194,194,21,100,3883.74
195,195,47,100,8887.7
196,196,46,100,8602.92
197,197,32,100,7181.44
198,198,42,100,8378.58
199,199,44,100,10606.2
200,200,35,100,5818.4
201,201,41,100,7071.27
202,202,46,100,8411.56
203,203,31,100,6570.76
204,204,38,100,7975.44
205,205,42,64,2688
206,206,33,57.22,1888.26
207,207,48,52.36,2513.28
208,208,42,100,4764.48
209,209,32,100,3560.64
210,210,34,100,3823.64
211,211,33,69.12,2280.96
212,212,36,100,8677.8
213,213,27,100,3394.98
214,214,21,100,3415.44
215,215,21,100,2439.57
216,216,38,100,4829.8
217,217,30,100,4100.1
218,218,49,100,6563.06
219,219,43,100,6817.22
220,220,41,100,6163.94
221,221,38,100,4933.92
222,222,28,100,4056.36
223,223,43,100,5759.42
224,224,25,100,3451
225,225,38,100,5920.4
226,226,41,100,6668.24
227,227,28,100,4094.72
228,228,25,100,2938.5
229,229,41,100,6387.8
230,230,39,100,6396
231,231,21,100,2669.1
232,232,27,100,4784.13
233,233,33,99.21,3273.93
234,234,29,100,3586.43
235,235,49,100,5960.36
236,236,49,100,8470.14
237,237,20,100,2952
238,238,39,63.2,2464.8
239,239,40,100,6232
240,240,49,100,7969.36
241,241,21,100,3036.6
242,242,50,100,8284
243,243,20,100,2711.2
244,244,49,100,8339.8
245,245,38,100,6238.84
246,246,35,100,4639.25
247,247,40,100,6747.6
248,248,28,100,4512.48
249,249,25,100,4029
250,250,36,100,4771.8
251,251,43,100,6087.94
252,252,32,100,4193.28
253,253,46,100,7552.28
254,254,48,100,6434.4
255,255,43,100,5181.5
256,256,49,100,6863.92
257,257,24,100,4157.04
258,258,26,100,4660.24
259,259,30,100,4111.8
260,260,24,100,3542.64
261,261,55,100,8118.55
262,262,22,100,3877.06
263,263,49,78.92,3867.08
264,264,44,100,5951.44
265,265,66,100,8648.64
266,266,21,100,3447.78
267,267,34,100,5958.5
268,268,43,100,5911.64
269,269,46,100,7366.44
270,270,33,100,4985.64
271,271,42,100,5393.64
272,272,34,100,4880.02
273,273,47,100,8378.69
274,274,33,100,4038.21
275,275,24,100,3807.12
276,276,26,100,3142.36
277,277,30,100,4713.6
278,278,43,100,7016.31
279,279,25,100,4381.25
280,280,27,100,4283.01
281,281,27,100,4364.82
282,282,24,100,4242.24
283,283,34,100,4982.7
284,284,46,100,6393.54
285,285,27,54.33,1466.91
286,286,33,100,4059.33
287,287,47,100,4801.52
288,288,49,55.34,2711.66
289,289,40,100,5862
290,290,37,100,4071.85
291,291,47,100,8236.75
292,292,45,100,6130.35
293,293,37,99.82,3693.34
294,294,48,100,6031.68
295,295,31,100,3494.94
296,296,46,100,5294.14
297,297,47,100,5464.69
298,298,28,100,2860.76
299,299,40,100,5590
300,300,20,100,2254.8
301,301,39,100,4946.76
302,302,25,99.82,2495.5
303,303,29,100,3167.38
304,304,22,100,2402.84
305,305,22,100,2454.54
306,306,47,100,5464.69
307,307,45,100,4756.5
308,308,29,100,3984.6
309,309,24,100,3100.32
310,310,35,100,4850.3
311,311,46,83.63,3846.98
312,312,44,95.93,4220.92
313,313,34,96.73,3288.82
314,314,35,100,3987.2
315,315,25,72.38,1809.5
316,316,10,100,1092.2
317,317,29,100,4566.05
318,318,39,100,5938.14
319,319,42,100,8138.76
320,320,46,100,9470.94
321,321,49,100,7036.89
322,322,27,100,5559.03
323,323,50,100,7872.5
324,324,43,100,7886.2
325,325,38,100,7232.16
326,326,20,100,3114.4
327,327,27,100,5045.22
328,328,49,100,6952.12
329,329,27,100,4157.73
330,330,39,100,7962.24
331,331,24,100,3778.8
332,332,45,100,8253
333,333,20,100,3633.4
334,334,36,100,6913.8
335,335,24,100,2583.6
336,336,49,63.38,3105.62
337,337,26,100,4408.56
338,338,49,62.09,3042.41
339,339,34,100,5941.5
340,340,34,95.35,3241.9
341,341,33,100,6109.29
342,342,22,100,3387.78
343,343,39,89.38,3485.82
344,344,32,63.84,2042.88
345,345,24,75.01,1800.24
346,346,21,63.84,1340.64
347,347,24,73.42,1762.08
348,348,36,63.84,2298.24
349,349,20,81.4,1628
350,350,30,64.64,1939.2
351,351,44,82.99,3651.56
352,352,28,92.57,2591.96
353,353,37,77.41,2864.17
354,354,20,74.21,1484.2
355,355,25,90.17,2254.25
356,356,35,76.61,2681.35
357,357,38,83.79,3184.02
358,358,41,69.43,2846.63
359,359,22,76.61,1685.42
360,360,49,81.4,3988.6
361,361,38,73.42,2789.96
362,362,33,100,3607.56
363,363,36,93.56,3368.16
364,364,34,81.62,2775.08
365,365,24,67.83,1627.92
366,366,36,70.26,2529.36
367,367,34,90.17,3065.78
368,368,41,100,4615.78
369,369,46,100,5723.78
370,370,24,100,2559.6
371,371,21,100,2140.11
372,372,24,100,3327.6
373,373,48,100,6825.6
374,374,26,100,3543.28
375,375,37,100,4516.22
376,376,49,100,6445.46
377,377,34,99.54,3384.36
378,378,48,100,4891.68
379,379,36,100,4521.96
380,380,46,100,5069.66
381,381,46,100,6541.2
382,382,31,97.17,3012.27
383,383,41,100,5247.18
384,384,21,100,2214.87
385,385,38,100,4773.18
386,386,45,100,6185.7
387,387,26,58.38,1517.88
388,388,38,100,6372.6
389,389,48,100,5232.96
390,390,42,64.16,2694.72
391,391,49,35.71,1749.79
392,392,32,66.58,2130.56
393,393,54,100,5951.34
394,394,33,100,4692.6
395,395,36,100,3731.04
396,396,20,100,2142
397,397,29,97.89,2838.81
398,398,33,97.89,3230.37
399,399,50,100,5182
400,400,41,100,4391.1
401,401,36,100,4477.32
402,402,27,100,3544.56
403,403,47,100,5195.85
404,404,33,100,4180.44
405,405,21,100,2684.43
406,406,21,93.28,1958.88
407,407,41,100,4910.57
408,408,40,100,4468.4
409,409,28,100,3127.88
410,410,23,100,2675.13
411,411,23,100,2807.61
412,412,25,100,2504.75
413,413,24,100,2984.88
414,414,39,64.74,2524.86
415,415,55,75.2,4136
416,416,46,88.45,4068.7
417,417,50,100,5182
418,418,47,100,5243.79
419,419,97,93.28,9048.16
420,420,32,100,3832.64
421,421,35,100,3920
422,422,49,100,4916.66
423,423,38,100,3857
424,424,32,100,4181.44
425,425,34,100,4641
426,426,36,99.17,3570.12
427,427,48,93.34,4480.32
428,428,21,96.84,2033.64
429,429,21,93.34,1960.14
430,430,34,100,3966.78
431,431,46,100,5152
432,432,32,100,3360
433,433,29,100,3451
434,434,41,100,5453
435,435,43,96.84,4164.12
436,436,24,100,2800.08
437,437,41,100,4687.94
438,438,46,98,4508
439,439,32,100,4181.44
440,440,22,100,2251.04
441,441,29,40.25,1167.25
442,442,42,49.6,2083.2
443,443,39,98,3822
444,444,27,100,3911.49
445,445,48,98,4704
446,446,29,85.1,2467.9
447,447,27,100,3213
448,448,54,100,7182
449,449,26,100,4379.18
450,450,34,100,5004.8
451,451,25,100,3644.75
452,452,23,100,2702.04
453,453,28,100,3764.88
454,454,35,100,4508
455,455,44,100,5418.16
456,456,22,100,3300.66
457,457,42,100,6182.4
458,458,29,100,4186.73
459,459,32,100,4529.28
460,460,41,100,5628.89
461,461,26,100,3054.48
462,462,21,100,2526.51
463,463,34,100,4667.86
464,464,41,100,6499.32
465,465,37,100,5917.78
466,466,37,100,6231.91
467,467,41,100,5803.14
468,468,46,100,6434.02
469,469,40,100,6454.4
470,470,43,97.6,4196.8
471,471,30,87.06,2611.8
472,472,35,100,5895.05
473,473,36,93.77,3375.72
474,474,61,100,8374.69
475,475,38,100,4464.24
476,476,39,100,4808.31
477,477,33,99.66,3288.78
478,478,32,100,3254.72
479,479,31,100,3184.94
480,480,50,100,5907.5
481,481,48,91.44,4389.12
482,482,43,100,5036.16
483,483,25,87.33,2183.25
484,484,28,100,3106.88
485,485,36,100,3735.72
486,486,27,89.38,2413.26
487,487,25,100,2953.75
488,488,40,100,4684.8
489,489,34,95.55,3248.7
490,490,50,100,5239.5
491,491,38,100,4567.98
492,492,37,95.55,3535.35
493,493,43,89.38,3843.34
494,494,43,86.3,3710.9
495,495,46,95.13,4375.98
496,496,42,36.11,1516.62
497,497,50,50.18,2509
498,498,44,100,9240.44
499,499,27,93.16,2515.32
500,500,35,100,5548.9
501,501,51,95.55,4873.05
502,502,41,50.14,2055.74
503,503,48,49.06,2354.88
504,504,42,54.99,2309.58
505,505,49,43.13,2113.37
506,506,30,58.22,1746.6
507,507,45,51.21,2304.45
508,508,48,44.21,2122.08
509,509,32,54.45,1742.4
510,510,46,53.37,2455.02
511,511,48,63.61,3053.28
512,512,33,43.13,1423.29
513,513,31,48.52,1504.12
514,514,20,58.22,1164.4
515,515,29,51.75,1500.75
516,516,27,57.68,1557.36
517,517,24,56.07,1345.68
518,518,37,48.52,1795.24
519,519,25,44.21,1105.25
520,520,41,57.68,2364.88
521,521,27,89.89,2427.03
522,522,21,58.95,1237.95
523,523,22,72.41,1593.02
524,524,32,98.63,3156.16
525,525,25,52.83,1320.75
526,526,42,100,4998
527,527,25,51.75,1293.75
528,528,37,100,5433.08
529,529,26,100,3073.72
530,530,44,99.55,4380.2
531,531,47,100,5848.68
532,532,43,100,6153.73
533,533,42,100,4965.24
534,534,42,100,5435.64
535,535,29,100,4258.36
536,536,40,100,4032
537,537,38,100,4492.36
538,538,38,100,4161.38
539,539,21,100,2508.66
540,540,24,100,3374.88
541,541,36,100,5196.6
542,542,23,100,2604.52
543,543,20,100,2936.8
544,544,32,100,3424.64
545,545,29,100,2923.2
546,546,44,100,4489.76
547,547,44,100,4849.24
548,548,36,100,5848.92
549,549,49,56.3,2758.7
550,550,34,42.64,1449.76
551,551,59,100,7048.14
552,552,37,100,5202.94
553,553,36,100,5279.4
554,554,43,100,6916.12
555,555,21,100,2781.66
556,556,32,100,5248
557,557,38,100,6531.44
558,558,43,100,5763.72
559,559,42,100,6490.68
560,560,32,100,6004.8
561,561,42,100,7483.98
562,562,31,100,5719.5
563,563,49,100,6954.08
564,564,45,100,8160.3
565,565,49,100,6567.96
566,566,41,100,6724
567,567,45,100,5747.85
568,568,36,100,5676.84
569,569,39,100,7379.97
570,570,27,100,3704.13
571,571,25,100,2804.75
572,572,41,100,5624.79
573,573,39,99.52,3881.28
574,574,28,57.55,1611.4
575,575,25,54.57,1364.25
576,576,33,100,4215.09
577,577,34,100,6433.82
578,578,24,100,4352.16
579,579,30,100,5151
580,580,42,100,6069
581,581,21,100,2856
582,582,34,100,5375.4
583,583,29,100,5176.5
584,584,24,100,3508.8
585,585,44,100,7554.8
586,586,21,100,3141.6
587,587,33,100,5890.5
588,588,30,100,5967
589,589,26,100,3712.8
590,590,41,100,7597.3
591,591,26,100,3668.6
592,592,32,100,5875.2
593,593,43,100,7310
594,594,48,100,8078.4
595,595,44,74.04,3257.76
596,596,45,100,7650
597,597,37,100,4703.81
598,598,39,100,5399.55
599,599,76,100,14082.8
600,600,37,100,5283.6
601,601,38,82.39,3130.82
602,602,43,72.38,3112.34
603,603,48,79.31,3806.88
604,604,26,82.39,2142.14
605,605,38,88.55,3364.9
606,606,20,63.14,1262.8
607,607,22,73.92,1626.24
608,608,45,90.86,4088.7
609,609,45,85.47,3846.15
610,610,20,66.99,1339.8
611,611,47,64.68,3039.96
612,612,46,73.92,3400.32
613,613,23,83.93,1930.39
614,614,33,74.69,2464.77
615,615,29,90.86,2634.94
616,616,44,82.39,3625.16
617,617,41,92.4,3788.4
618,618,20,91.63,1832.6
619,619,37,78.54,2905.98
620,620,29,100,2954.81
621,621,55,65.45,3599.75
622,622,22,100,3686.54
623,623,31,67.76,2100.56
624,624,49,79.22,3881.78
625,625,61,73.92,4509.12
626,626,39,83.93,3273.27
627,627,38,100,4432.7
628,628,31,100,4100.99
629,629,36,100,5274.72
630,630,25,100,4232
631,631,48,100,6145.44
632,632,35,100,4680.2
633,633,21,100,3286.08
634,634,47,100,7421.3
635,635,38,100,6432.64
636,636,41,100,4840.87
637,637,24,100,3892.08
638,638,37,100,5526.32
639,639,33,100,4459.62
640,640,49,100,6203.4
641,641,29,100,3754.05
642,642,24,100,3516.48
643,643,47,100,7488.04
644,644,24,100,3448.08
645,645,25,100,3734
646,646,30,32.47,974.1
647,647,22,100,3160.74
648,648,27,64.69,1746.63
649,649,34,100,4207.84
650,650,36,100,4352.76
651,651,34,43.05,1463.7
652,652,48,100,7169.28
653,653,34,100,4594.76
654,654,24,100,3457.92
655,655,46,100,7381.16
656,656,45,100,7146.9
657,657,39,100,5938.53
658,658,43,100,7110.91
659,659,29,100,5032.95
660,660,20,100,3667.6
661,661,46,100,7381.16
662,662,27,100,5128.11
663,663,44,100,7060.24
664,664,43,100,8448.64
665,665,49,100,7300.51
666,666,40,100,6549.2
667,667,30,100,5697.9
668,668,50,100,9169
669,669,23,100,3238.63
670,670,26,100,4554.94
671,671,27,100,3934.44
672,672,42,100,5776.26
673,673,47,100,7207.45
674,674,49,100,7460.74
675,675,38,100,6719.54
676,676,20,100,2428
677,677,25,100,2602.25
678,678,25,88,2200
679,679,41,100,6712.93
680,680,28,100,5318.04
681,681,50,67.8,3390
682,682,32,50.25,1608
683,683,42,53.88,2262.96
684,684,24,62.36,1496.64
685,685,27,69.62,1879.74
686,686,26,57.51,1495.26
687,687,38,61.15,2323.7
688,688,42,59.33,2491.86
689,689,23,71.44,1643.12
690,690,21,62.96,1322.16
691,691,28,50.85,1423.8
692,692,33,72.65,2397.45
693,693,25,62.96,1574
694,694,28,61.75,1729
695,695,46,49.04,2255.84
696,696,30,61.15,1834.5
697,697,38,84.25,3201.5
698,698,40,56.91,2276.4
699,699,45,100,8884.8
700,700,27,49.3,1331.1
701,701,42,72.65,3051.3
702,702,36,63.57,2288.52
703,703,29,100,3772.61
704,704,39,100,4164.42
705,705,45,100,6295.95
706,706,47,100,6287.66
707,707,49,100,5412.54
708,708,46,100,5984.14
709,709,48,100,5891.04
710,710,46,100,5984.14
711,711,35,100,3608.15
712,712,43,100,5752.54
713,713,26,100,3765.32
714,714,22,98.18,2159.96
715,715,34,99.41,3379.94
716,716,50,100,5093.5
717,717,48,100,5773.44
718,718,41,100,4528.86
719,719,36,100,4816.08
720,720,29,100,3416.78
721,721,33,37.48,1236.84
722,722,46,100,5814.86
723,723,38,100,5223.48
724,724,20,36.42,728.4
725,725,22,100,3949
726,726,27,100,3843.99
727,727,56,98.18,5498.08
728,728,38,99.41,3777.58
729,729,25,100,3782
730,730,33,100,3859.68
731,731,42,100,4431.84
732,732,33,100,4950.33
733,733,38,100,4299.7
734,734,31,100,4492.83
735,735,20,100,2212
736,736,44,100,4642.88
737,737,26,100,3206.32
738,738,27,100,3604.23
739,739,46,100,7017.76
740,740,47,100,6154.18
741,741,37,100,4750.8
742,742,31,100,3822.92
743,743,24,100,2440.8
744,744,31,100,4729.36
745,745,50,100,12536.5
746,746,35,64.69,2264.15
747,747,30,100,3928.2
748,748,29,100,3630.22
749,749,27,100,4196.07
750,750,40,100,4931.6
751,751,31,98.99,3068.69
752,752,6,100,785.64
753,753,45,100,4977
754,754,22,54.09,1189.98
755,755,45,68.67,3090.15
756,756,43,65.02,2795.86
757,757,46,61.99,2851.54
758,758,39,69.28,2701.92
759,759,31,71.1,2204.1
760,760,41,69.28,2840.48
761,761,44,60.16,2647.04
762,762,45,70.49,3172.05
763,763,37,69.89,2585.93
764,764,35,61.38,2148.3
765,765,28,59.55,1667.4
766,766,30,61.99,1859.7
767,767,30,49.22,1476.6
768,768,25,69.28,1732
769,769,29,57.73,1674.17
770,770,26,57.73,1500.98
771,771,41,53.48,2192.68
772,772,34,52.87,1797.58
773,773,35,61.21,2142.35
774,774,34,61.38,2086.92
775,775,50,100,6834.5
776,776,41,61.99,2541.59
777,777,22,96.86,2130.92
778,778,35,48.62,1701.7
779,779,44,38.5,1694
780,780,47,61.99,2913.53
781,781,19,49.22,935.18
782,782,34,90.39,3073.26
783,783,29,71.81,2082.49
784,784,49,69.27,3394.23
785,785,30,85.32,2559.6
786,786,21,70.96,1490.16
787,787,50,76.88,3844
788,788,47,100,4724.91
789,789,24,76.03,1824.72
790,790,27,98.84,2668.68
791,791,33,86.17,2843.61
792,792,35,90.39,3163.65
793,793,31,71.81,2226.11
794,794,25,82.79,2069.75
795,795,27,82.79,2235.33
796,796,31,100,3116.43
797,797,45,100,4781.7
798,798,27,100,2810.7
799,799,27,100,3515.67
800,800,42,69.27,2909.34
801,801,21,74.77,1570.17
802,802,34,76.88,2613.92
803,803,42,76.03,3193.26
804,804,15,98.84,1482.6
805,805,29,70.87,2055.23
806,806,46,58.15,2674.9
807,807,30,61.78,1853.4
808,808,30,49.67,1490.1
809,809,42,51.48,2162.16
810,810,46,61.18,2814.28
811,811,25,64.2,1605
812,812,32,65.42,2093.44
813,813,30,64.81,1944.3
814,814,40,49.67,1986.8
815,815,28,60.57,1695.96
816,816,23,55.72,1281.56
817,817,29,61.18,1774.22
818,818,34,58.75,1997.5
819,819,37,63.6,2353.2
820,820,20,49.06,981.2
821,821,32,48.46,1550.72
822,822,34,52.09,1771.06
823,823,42,52.7,2213.4
824,824,38,100,5266.04
825,825,30,62.16,1864.8
826,826,23,49.67,1142.41
827,827,22,53.3,1172.6
828,828,39,100,6981
829,829,55,55.72,3064.6
830,830,36,61.18,2202.48
831,831,26,100,3773.38
832,832,31,100,5074.39
833,833,34,100,6483.46
834,834,41,100,7956.46
835,835,23,100,4230.62
836,836,48,100,7209.12
837,837,22,100,3452.68
838,838,21,100,3047.73
839,839,22,100,3675.32
840,840,40,100,7492.4
841,841,50,100,9534.5
842,842,29,100,5579.02
843,843,43,100,5950.34
844,844,24,100,3726
845,845,22,100,4455
846,846,43,100,8272.34
847,847,20,100,3577.6
848,848,25,100,3881.25
849,849,36,100,5797.44
850,850,24,52.67,1264.08
851,851,21,100,4815.3
852,852,30,100,4462.2
853,853,32,94.79,3033.28
854,854,21,47.18,990.78
855,855,26,78.11,2030.86
856,856,35,100,5433.75
857,857,26,100,3157.44
858,858,46,100,5161.2
859,859,37,100,4346.76
860,860,27,100,3528.36
861,861,23,100,3187.8
862,862,39,100,6023.16
863,863,27,100,3884.76
864,864,38,100,4965.84
865,865,27,100,4169.88
866,866,40,100,4910.4
867,867,24,100,3231.36
868,868,44,100,6853.44
869,869,37,100,5177.04
870,870,20,100,2824.8
871,871,39,100,4324.32
872,872,44,100,5052.96
873,873,22,100,3223.44
874,874,43,100,5278.68
875,875,27,100,2851.2
876,876,26,64.9,1687.4
877,877,25,52.32,1308
878,878,49,100,6144.6
879,879,29,100,5127.2
880,880,41,100,6386.16
881,881,55,100,7695.6
882,882,27,83.07,2242.89
883,883,23,100,2539.89
884,884,31,90.17,2795.27
885,885,46,100,5545.76
886,886,47,91.18,4285.46
887,887,31,100,3329.09
888,888,46,100,5592.22
889,889,37,89.15,3298.55
890,890,28,93.21,2609.88
891,891,37,90.17,3336.29
892,892,49,100,5510.05
893,893,24,100,2504.4
894,894,30,100,3525.6
895,895,50,88.14,4407
896,896,31,96.24,2983.44
897,897,46,100,5126.24
898,898,47,100,5713.79
899,899,46,100,4613.8
900,900,37,100,3711.1
901,901,33,100,3524.73
902,902,31,90.17,2795.27
903,903,48,100,4814.4
904,904,41,87.13,3572.33
905,905,42,100,4581.36
906,906,41,100,4319.76
907,907,32,45.25,1448
908,908,10,88.14,881.4
909,909,35,57.46,2011.1
910,910,28,64.33,1801.24
911,911,46,73.7,3390.2
912,912,20,71.2,1424
913,913,30,49.97,1499.1
914,914,48,69.96,3358.08
915,915,28,53.72,1504.16
916,916,39,68.08,2655.12
917,917,24,51.84,1244.16
918,918,28,67.46,1888.88
919,919,31,58.71,1820.01
920,920,45,63.71,2866.95
921,921,24,58.09,1394.16
922,922,49,53.72,2632.28
923,923,32,63.08,2018.56
924,924,43,68.71,2954.53
925,925,37,50.59,1871.83
926,926,24,64.96,1559.04
927,927,35,53.72,1880.2
928,928,41,29.87,1224.67
929,929,26,100,2979.08
930,930,34,64.96,2208.64
931,931,49,70.58,3458.42
932,932,28,44.21,1237.88
933,933,40,68.08,2723.2
934,934,37,59.96,2218.52
935,935,31,53.72,1665.32
936,936,41,83.44,3421.04
937,937,21,89.46,1878.66
938,938,40,96.34,3853.6
939,939,46,74.84,3442.64
940,940,44,79.14,3482.16
941,941,46,73.12,3363.52
942,942,41,81.72,3350.52
943,943,32,89.46,2862.72
944,944,46,87.74,4036.04
945,945,28,100,2817.92
946,946,49,94.62,4636.38
947,947,21,73.98,1553.58
948,948,32,84.3,2697.6
949,949,34,98.06,3334.04
950,950,21,98.06,2059.26
951,951,21,96.34,2023.14
952,952,31,83.44,2586.64
953,953,21,94.62,1987.02
954,954,25,45.86,1146.5
955,955,28,82.58,2312.24
956,956,43,64.97,2793.71
957,957,22,86.74,1908.28
958,958,37,93.01,3441.37
959,959,28,72.26,2023.28
960,960,30,74.84,2245.2
961,961,44,73.98,3255.12
962,962,25,100,2539.5
963,963,43,100,4818.15
964,964,30,97.39,2921.7
965,965,20,90.06,1801.2
966,966,26,100,2804.36
967,967,40,100,4900.8
968,968,31,89.01,2759.31
969,969,22,100,2488.2
970,970,23,100,2769.89
971,971,30,100,3581.4
972,972,49,100,5285.14
973,973,31,100,3181.53
974,974,29,100,3340.51
975,975,37,84.82,3138.34
976,976,38,100,4775.08
977,977,29,100,3006.43
978,978,23,100,2866.26
979,979,26,85.87,2232.62
980,980,38,100,4457.02
981,981,48,47.04,2257.92
982,982,40,39.8,1592
983,983,45,100,4948.2
984,984,44,100,5160.76
985,985,21,94.22,1978.62
986,986,35,100,4288.2
987,987,29,86.92,2520.68
988,988,21,84.82,1781.22
989,989,22,100,3065.04
990,990,26,100,3551.34
991,991,41,100,5544.02
992,992,47,100,6034.33
993,993,31,100,3641.57
994,994,43,100,6930.74
995,995,23,100,3675.63
996,996,28,100,3442.04
997,997,49,100,6893.81
998,998,24,100,2622.48
999,999,33,100,4417.38
1000,1000,22,100,3606.02
1001,1001,32,100,3802.56
1002,1002,40,100,5026.4
1003,1003,43,100,6695.53
1004,1004,24,100,2819.28
1005,1005,32,100,3759.04
1006,1006,20,100,2731.8
1007,1007,24,69.12,1658.88
1008,1008,48,100,5778.24
1009,1009,44,100,5191.12
1010,1010,28,100,3862.88
1011,1011,24,61.52,1476.48
1012,1012,33,100,5273.73
1013,1013,41,100,4872.03
1014,1014,23,100,4556.99
1015,1015,46,100,8257
1016,1016,48,100,8209.44
1017,1017,25,100,3598.5
1018,1018,22,100,3837.24
1019,1019,41,100,8331.61
1020,1020,34,100,4836.5
1021,1021,32,100,5418.88
1022,1022,21,100,3734.01
1023,1023,20,100,3996.4
1024,1024,47,100,8754.69
1025,1025,39,100,5481.45
1026,1026,29,100,4419.89
1027,1027,45,100,6324.75
1028,1028,28,100,4409.72
1029,1029,26,100,3918.46
1030,1030,50,100,7620.5
1031,1031,48,100,8291.04
1032,1032,25,100,3937.25
1033,1033,40,100,5554.4
1034,1034,43,100,6407.86
1035,1035,22,100,4172.52
1036,1036,47,100,7083.37
1037,1037,36,100,7132.68
1038,1038,40,100,6773.6
1039,1039,27,100,3657.69
1040,1040,29,100,4812.55
1041,1041,20,100,3928.6
1042,1042,42,100,6401.22
1043,1043,25,100,4191.25
1044,1044,36,100,5852.52
1045,1045,21,100,2844.87
1046,1046,23,100,4011.66
1047,1047,37,100,7455.87
1048,1048,48,100,8940.96
1049,1049,25,100,4572.25
1050,1050,33,100,5700.09
1051,1051,27,100,3155.49
1052,1052,27,100,4170.69
1053,1053,20,100,2878.8
1054,1054,30,100,5029.5
1055,1055,48,100,7396.8
1056,1056,32,93.49,2991.68
1057,1057,34,100,6275.72
1058,1058,27,56.85,1534.95
1059,1059,39,100,7264.53
1060,1060,47,100,6869.05
1061,1061,22,100,3353.02
1062,1062,55,100,8289.05
1063,1063,60,100,11887.8
1064,1064,35,100,5926.9
1065,1065,28,100,3793.16
1066,1066,38,100,4330.1
1067,1067,21,95.8,2011.8
1068,1068,41,100,4837.18
1069,1069,22,97.81,2151.82
1070,1070,29,88.74,2573.46
1071,1071,50,100,5344.5
1072,1072,29,100,3070.52
1073,1073,49,80.67,3952.83
1074,1074,35,100,3564.75
1075,1075,48,100,5614.56
1076,1076,23,80.67,1855.41
1077,1077,48,95.8,4598.4
1078,1078,42,100,5082.42
1079,1079,47,100,5450.59
1080,1080,36,100,4174.92
1081,1081,22,100,2418.24
1082,1082,40,91.76,3670.4
1083,1083,23,100,2481.7
1084,1084,32,100,3807.68
1085,1085,21,100,2230.41
1086,1086,41,93.04,3814.64
1087,1087,25,84.71,2117.75
1088,1088,26,100,3340.48
1089,1089,24,89.75,2154
1090,1090,48,100,5808.48
1091,1091,26,68.35,1777.1
1092,1092,21,73.17,1536.57
1093,1093,45,78,3510
1094,1094,36,86.04,3097.44
1095,1095,21,81.21,1705.41
1096,1096,32,70.76,2264.32
1097,1097,30,82.82,2484.6
1098,1098,36,94.88,3415.68
1099,1099,33,86.04,2839.32
1100,1100,35,78,2730
1101,1101,37,95.69,3540.53
1102,1102,41,73.17,2999.97
1103,1103,20,76.39,1527.8
1104,1104,45,86.84,3907.8
1105,1105,38,69.96,2658.48
1106,1106,43,70.76,3042.68
1107,1107,49,78.8,3861.2
1108,1108,27,80.41,2171.07
1109,1109,46,73.98,3403.08
1110,1110,38,59.1,2245.8
1111,1111,25,66.74,1668.5
1112,1112,46,60.3,2773.8
1113,1113,22,100,2464
1114,1114,40,100,5491.6
1115,1115,46,100,4791.82
1116,1116,39,100,4178.85
1117,1117,38,82.34,3128.92
1118,1118,30,100,3095.4
1119,1119,42,94.25,3958.5
1120,1120,43,100,4991.44
1121,1121,29,95.24,2761.96
1122,1122,33,86.31,2848.23
1123,1123,32,79.37,2539.84
1124,1124,28,87.3,2444.4
1125,1125,41,100,4555.92
1126,1126,33,100,3666.96
1127,1127,36,84.33,3035.88
1128,1128,26,89.29,2321.54
1129,1129,34,100,3474.46
1130,1130,26,96.23,2501.98
1131,1131,38,100,3958.46
1132,1132,33,100,3535.95
1133,1133,33,91.27,3011.91
1134,1134,46,100,11336.7
1135,1135,26,100,2656.94
1136,1136,25,100,2604.25
1137,1137,45,73.08,3288.6
1138,1138,50,100,8935.5
1139,1139,36,100,4035.96
1140,1140,21,89.29,1875.09
1141,1141,29,100,4049.56
1142,1142,21,100,2469.39
1143,1143,42,100,5432.7
1144,1144,37,100,4405.22
1145,1145,25,100,3638
1146,1146,36,100,4444.92
1147,1147,22,100,3395.48
1148,1148,23,100,3414.58
1149,1149,32,100,5127.04
1150,1150,28,100,3745.28
1151,1151,27,100,4564.08
1152,1152,49,100,6554.24
1153,1153,41,100,6749.83
1154,1154,49,100,8427.02
1155,1155,30,100,3924.6
1156,1156,40,100,6761.6
1157,1157,23,100,3786.49
1158,1158,49,100,6266.12
1159,1159,25,100,3491
1160,1160,37,100,4405.22
1161,1161,55,100,6548.3
1162,1162,23,100,3177.91
1163,1163,24,100,4142.64
1164,1164,43,96.49,4149.07
1165,1165,50,100,7397
1166,1166,47,100,6241.6
1167,1167,34,100,5331.88
1168,1168,31,100,5124.3
1169,1169,28,100,3639.44
1170,1170,36,100,5544
1171,1171,48,100,5493.12
1172,1172,39,100,5785.26
1173,1173,45,100,5340.6
1174,1174,35,100,5735.8
1175,1175,45,100,6357.6
1176,1176,46,100,7343.9
1177,1177,37,100,5959.22
1178,1178,31,100,4029.38
1179,1179,33,100,5035.14
1180,1180,31,100,4116.8
1181,1181,27,100,4310.55
1182,1182,39,100,6446.7
1183,1183,32,100,3616.64
1184,1184,28,100,4232.76
1185,1185,26,67.91,1765.66
1186,1186,44,84.88,3734.72
1187,1187,46,100,4808.38
1188,1188,32,70.83,2266.56
1189,1189,65,100,10468.9
1190,1190,43,100,5589.14
1191,1191,43,67.77,2914.11
1192,1192,35,49.74,1740.9
1193,1193,45,50.36,2266.2
1194,1194,47,67.14,3155.58
1195,1195,21,64.66,1357.86
1196,1196,38,68.39,2598.82
1197,1197,21,50.36,1057.56
1198,1198,43,72.74,3127.82
1199,1199,46,54.09,2488.14
1200,1200,38,58.44,2220.72
1201,1201,26,52.22,1357.72
1202,1202,31,52.84,1638.04
1203,1203,48,54.71,2626.08
1204,1204,33,50.36,1661.88
1205,1205,38,57.2,2173.6
1206,1206,39,55.95,2182.05
1207,1207,42,67.14,2819.88
1208,1208,44,59.06,2598.64
1209,1209,29,69.63,2019.27
1210,1210,26,55.95,1454.7
1211,1211,31,53.47,1657.57
1212,1212,32,89.12,2851.84
1213,1213,28,100,4609.64
1214,1214,36,100,5079.96
1215,1215,36,52.22,1879.92
1216,1216,41,100,4774.86
1217,1217,27,99.52,2687.04
1218,1218,33,100,3423.75
1219,1219,34,100,3455.76
1220,1220,29,100,3622.97
1221,1221,34,100,3599.58
1222,1222,48,100,5386.56
1223,1223,46,100,4918.78
1224,1224,22,100,2538.8
1225,1225,20,100,2498.6
1226,1226,45,85.75,3858.75
1227,1227,46,100,5600.5
1228,1228,34,100,4103.46
1229,1229,50,85.75,4287.5
1230,1230,46,100,5795.54
1231,1231,22,84.7,1863.4
1232,1232,48,86.81,4166.88
1233,1233,47,86.81,4080.07
1234,1234,34,100,3815.48
1235,1235,45,100,5526.45
1236,1236,20,100,3374.6
1237,1237,50,60.49,3024.5
1238,1238,22,57.55,1266.1
1239,1239,45,100,4811.85
1240,1240,58,100,7307.42
1241,1241,51,100,6209.25
1242,1242,38,100,5348.5
1243,1243,22,100,2780.58
1244,1244,25,100,3447
1245,1245,24,100,3791.52
1246,1246,35,100,4524.1
1247,1247,28,100,3337.6
1248,1248,36,100,5532.12
1249,1249,39,100,5096.91
1250,1250,27,100,4537.08
1251,1251,40,100,6146.8
1252,1252,50,100,8258
1253,1253,42,100,7238.28
1254,1254,48,100,6756
1255,1255,25,100,3734
1256,1256,31,100,4674.8
1257,1257,44,100,7140.76
1258,1258,23,100,3600.65
1259,1259,29,100,4206.74
1260,1260,49,100,5379.71
1261,1261,36,100,5679.36
1262,1262,34,100,4394.84
1263,1263,25,100,2528.25
1264,1264,48,100,7031.52
1265,1265,38,100,5340.9
1266,1266,37,100,6376.58
1267,1267,49,100,6896.75
1268,1268,22,86.51,1903.22
1269,1269,28,89.27,2499.56
1270,1270,36,85.59,3081.24
1271,1271,34,100,3598.22
1272,1272,39,100,3912.09
1273,1273,21,75.46,1584.66
1274,1274,36,100,3942.72
1275,1275,24,97.55,2341.2
1276,1276,29,85.59,2482.11
1277,1277,38,94.79,3602.02
1278,1278,34,100,3566.94
1279,1279,42,90.19,3787.98
1280,1280,35,100,3704.05
1281,1281,35,80.99,2834.65
1282,1282,38,89.27,3392.26
1283,1283,41,81.91,3358.31
1284,1284,50,100,7310
1285,1285,21,100,2203.11
1286,1286,43,62.72,2696.96
1287,1287,32,100,3376.64
1288,1288,6,90.19,541.14
1289,1289,66,92.95,6134.7
1290,1290,41,82.5,3382.5
1291,1291,23,97.42,2240.66
1292,1292,43,92.16,3962.88
1293,1293,24,70.22,1685.28
1294,1294,22,83.38,1834.36
1295,1295,26,73.73,1916.98
1296,1296,35,74.6,2611
1297,1297,47,77.24,3630.28
1298,1298,50,100,5090.5
1299,1299,45,87.77,3949.65
1300,1300,39,89.53,3491.67
1301,1301,23,89.53,2059.19
1302,1302,42,75.48,3170.16
1303,1303,20,89.53,1790.6
1304,1304,33,71.09,2345.97
1305,1305,34,100,3580.88
1306,1306,49,100,4946.06
1307,1307,39,90.4,3525.6
1308,1308,36,100,3602.16
1309,1309,50,86.01,4300.5
1310,1310,29,100,4498.19
1311,1311,30,100,3023.1
1312,1312,41,86.89,3562.49
1313,1313,28,58.58,1640.24
1314,1314,45,100,4739.4
1315,1315,16,75.48,1207.68
1316,1316,36,100,4228.2
1317,1317,41,100,4815.45
1318,1318,50,100,7083
1319,1319,40,100,4601.2
1320,1320,49,100,6467.02
1321,1321,45,100,5012.55
1322,1322,47,100,5121.59
1323,1323,21,100,2441.04
1324,1324,32,100,4262.08
1325,1325,47,100,6658.02
1326,1326,38,100,4509.08
1327,1327,41,100,4716.23
1328,1328,21,100,2390.22
1329,1329,41,100,4666.62
1330,1330,38,100,5383.08
1331,1331,25,99.29,2482.25
1332,1332,48,100,5288.64
1333,1333,22,99.29,2184.38
1334,1334,28,100,2881.76
1335,1335,47,100,6203.06
1336,1336,49,100,6763.47
1337,1337,45,100,5884.65
1338,1338,28,100,3559.64
1339,1339,29,57.53,1668.37
1340,1340,39,100,4890.6
1341,1341,46,100,5235.72
1342,1342,38,100,4325.16
1343,1343,41,47.29,1938.89
1344,1344,50,49.81,2490.5
1345,1345,43,53.83,2314.69
1346,1346,29,43.27,1254.83
1347,1347,30,42.76,1282.8
1348,1348,25,53.83,1345.75
1349,1349,49,44.78,2194.22
1350,1350,40,49.3,1972
1351,1351,41,44.78,1835.98
1352,1352,21,53.33,1119.93
1353,1353,46,45.28,2082.88
1354,1354,39,40.25,1569.75
1355,1355,45,59.87,2694.15
1356,1356,21,59.87,1257.27
1357,1357,44,58.36,2567.84
1358,1358,44,59.87,2634.28
1359,1359,29,51.82,1502.78
1360,1360,34,49.3,1676.2
1361,1361,39,56.85,2217.15
1362,1362,38,100,6832.02
1363,1363,24,79.86,1916.64
1364,1364,29,100,7110.8
1365,1365,30,100,5302.8
1366,1366,20,100,2730
1367,1367,39,100,7827.3
1368,1368,35,59.87,2095.45
1369,1369,26,59.87,1556.62
1370,1370,44,100,5565.12
1371,1371,28,100,3583.16
1372,1372,31,100,4705.18
1373,1373,29,100,4444.54
1374,1374,32,100,4618.88
1375,1375,33,100,4910.4
1376,1376,44,100,5565.12
1377,1377,32,100,4237.76
1378,1378,41,100,5673.58
1379,1379,35,100,5260.15
1380,1380,44,100,6350.96
1381,1381,26,100,3559.4
1382,1382,20,100,2410.6
1383,1383,48,100,5713.92
1384,1384,34,100,4300.32
1385,1385,49,100,7947.31
1386,1386,40,100,5356.8
1387,1387,45,100,7901.1
1388,1388,50,100,6101
1389,1389,38,100,6276.46
1390,1390,25,100,4203.5
1391,1391,28,58.18,1629.04
1392,1392,49,67.14,3289.86
1393,1393,49,100,6862.94
1394,1394,42,61.29,2574.18
1395,1395,23,57.73,1327.79
1396,1396,29,81.25,2356.25
1397,1397,25,80.54,2013.5
1398,1398,39,71.98,2807.22
1399,1399,44,69.84,3072.96
1400,1400,25,76.26,1906.5
1401,1401,45,76.26,3431.7
1402,1402,25,83.39,2084.75
1403,1403,37,57.73,2136.01
1404,1404,30,66.99,2009.7
1405,1405,36,75.55,2719.8
1406,1406,26,60.58,1575.08
1407,1407,23,73.41,1688.43
1408,1408,23,72.7,1672.1
1409,1409,25,66.99,1674.75
1410,1410,21,100,3472.98
1411,1411,26,63.43,1649.18
1412,1412,44,85.25,3751
1413,1413,24,100,4536
1414,1414,66,66.99,4421.34
1415,1415,36,57.73,2078.28
1416,1416,36,85.25,3069
1417,1417,22,77.9,1713.8
1418,1418,25,60.26,1506.5
1419,1419,37,72.76,2692.12
1420,1420,32,75.69,2422.08
1421,1421,47,74.22,3488.34
1422,1422,37,69.82,2583.34
1423,1423,20,62.47,1249.4
1424,1424,41,82.31,3374.71
1425,1425,21,60.26,1265.46
1426,1426,22,76.43,1681.46
1427,1427,40,80.1,3204
1428,1428,32,74.96,2398.72
1429,1429,36,66.14,2381.04
1430,1430,27,72.02,1944.54
1431,1431,26,87.45,2273.7
1432,1432,30,70.55,2116.5
1433,1433,23,56.84,1307.32
1434,1434,29,59.53,1726.37
1435,1435,21,60.37,1267.77
1436,1436,34,100,3441.82
1437,1437,26,76.43,1987.18
1438,1438,60,64.67,3880.2
1439,1439,35,55.49,1942.15
1440,1440,47,69.36,3259.92
1441,1441,20,60.69,1213.8
1442,1442,20,54.33,1086.6
1443,1443,25,65.31,1632.75
1444,1444,25,69.36,1734
1445,1445,27,68.78,1857.06
1446,1446,31,60.11,1863.41
1447,1447,44,66.47,2924.68
1448,1448,49,46.82,2294.18
1449,1449,26,56.07,1457.82
1450,1450,36,54.33,1955.88
1451,1451,44,52.6,2314.4
1452,1452,28,46.82,1310.96
1453,1453,45,64.74,2913.3
1454,1454,29,46.82,1357.78
1455,1455,40,53.75,2150
1456,1456,45,61.85,2783.25
1457,1457,44,53.18,2339.92
1458,1458,25,69.16,1729
1459,1459,45,100,5972.4
1460,1460,48,47.4,2275.2
1461,1461,44,60.76,2673.44
1462,1462,25,97.27,2431.75
1463,1463,22,91.76,2018.72
1464,1464,31,50.29,1558.99
1465,1465,21,52.6,1104.6
1466,1466,55,46.82,2575.1
1467,1467,25,100,2845.75
1468,1468,35,98.05,3431.75
1469,1469,35,93.54,3273.9
1470,1470,43,95.8,4119.4
1471,1471,44,100,5355.68
1472,1472,50,100,5747.5
1473,1473,48,100,5355.36
1474,1474,25,100,2535.75
1475,1475,39,100,4351.23
1476,1476,25,90.16,2254
1477,1477,32,91.29,2921.28
1478,1478,20,100,2299
1479,1479,26,100,2637.18
1480,1480,42,100,4307.52
1481,1481,21,100,2153.76
1482,1482,34,100,3716.88
1483,1483,47,100,5455.76
1484,1484,21,100,2650.62
1485,1485,48,100,6437.28
1486,1486,30,87.78,2633.4
1487,1487,27,84.39,2278.53
1488,1488,50,96.92,4846
1489,1489,38,100,4197.1
1490,1490,45,100,4597.65
1491,1491,46,100,5287.7
1492,1492,35,100,3550.05
1493,1493,29,59.37,1721.73
1494,1494,50,59.87,2993.5
1495,1495,26,49.81,1295.06
1496,1496,47,56.85,2671.95
1497,1497,23,53.33,1226.59
1498,1498,34,42.76,1453.84
1499,1499,34,53.83,1830.22
1500,1500,47,53.83,2530.01
1501,1501,45,49.81,2241.45
1502,1502,45,53.33,2399.85
1503,1503,36,43.27,1557.72
1504,1504,21,40.25,845.25
1505,1505,28,48.3,1352.4
1506,1506,35,45.28,1584.8
1507,1507,50,52.32,2616
1508,1508,22,51.32,1129.04
1509,1509,45,49.3,2218.5
1510,1510,48,42.26,2028.48
1511,1511,20,87.96,1759.2
1512,1512,27,36.21,977.67
1513,1513,38,38.5,1463
1514,1514,32,100,3970.56
1515,1515,64,40.25,2576
1516,1516,37,60.37,2233.69
1517,1517,28,88.63,2481.64
1518,1518,39,100,4651.53
1519,1519,41,94.1,3858.1
1520,1520,40,87.54,3501.6
1521,1521,49,100,6433.7
1522,1522,27,98.48,2658.96
1523,1523,34,100,3608.76
1524,1524,23,96.29,2214.67
1525,1525,31,88.63,2747.53
1526,1526,34,97.38,3310.92
1527,1527,25,95.2,2380
1528,1528,22,100,2310.88
1529,1529,32,100,4061.76
1530,1530,31,100,3493.7
1531,1531,25,100,2872.25
1532,1532,47,87.54,4114.38
1533,1533,21,50.65,1063.65
1534,1534,28,71.73,2008.44
1535,1535,46,94.1,4328.6
1536,1536,33,41.71,1376.43
1537,1537,43,100,5552.16
1538,1538,38,96.29,3659.02
1539,1539,47,88.63,4165.61
1540,1540,45,31.2,1404
1541,1541,20,35.51,710.2
1542,1542,45,37.84,1702.8
1543,1543,36,33.19,1194.84
1544,1544,37,27.22,1007.14
1545,1545,31,31.53,977.43
1546,1546,39,36.84,1436.76
1547,1547,26,29.21,759.46
1548,1548,32,37.17,1189.44
1549,1549,20,34.19,683.8
1550,1550,42,29.21,1226.82
1551,1551,33,29.54,974.82
1552,1552,20,28.88,577.6
1553,1553,29,38.17,1106.93
1554,1554,23,30.2,694.6
1555,1555,39,29.54,1152.06
1556,1556,20,100,2624
1557,1557,45,81.91,3685.95
1558,1558,20,35.18,703.6
1559,1559,48,100,9720
1560,1560,23,36.29,834.67
1561,1561,32,70.56,2257.92
1562,1562,33,100,8344.71
1563,1563,61,29.54,1801.94
1564,1564,45,26.88,1209.6
1565,1565,38,83.03,3155.14
1566,1566,34,83.79,2848.86
1567,1567,43,83.03,3570.29
1568,1568,47,83.03,3902.41
1569,1569,22,67.03,1474.66
1570,1570,29,75.41,2186.89
1571,1571,28,68.55,1919.4
1572,1572,40,91.4,3656
1573,1573,25,73.88,1847
1574,1574,30,61.7,1851
1575,1575,38,69.31,2633.78
1576,1576,36,87.6,3153.6
1577,1577,32,87.6,2803.2
1578,1578,37,62.46,2311.02
1579,1579,30,79.98,2399.4
1580,1580,39,70.08,2733.12
1581,1581,32,65.51,2096.32
1582,1582,47,63.22,2971.34
1583,1583,26,86.83,2257.58
1584,1584,37,94.43,3493.91
1585,1585,55,79.98,4398.9
1586,1586,21,100,3595.62
1587,1587,23,100,2443.29
1588,1588,49,81.4,3988.6
1589,1589,59,87.6,5168.4
1590,1590,32,87.6,2803.2
1591,1591,43,100,6341.21
1592,1592,41,100,5189.78
1593,1593,45,100,6027.75
1594,1594,33,100,3366
1595,1595,40,100,5456.4
1596,1596,33,100,3812.16
1597,1597,50,100,6083
1598,1598,30,100,3170.7
1599,1599,41,100,4534.6
1600,1600,35,100,4301.15
1601,1601,49,100,6804.63
1602,1602,46,100,5652.94
1603,1603,48,100,6960.48
1604,1604,36,100,4512.6
1605,1605,22,100,2784.76
1606,1606,42,100,5316.36
1607,1607,21,100,2941.89
1608,1608,29,100,3207.4
1609,1609,35,100,4215.05
1610,1610,41,100,4333.29
1611,1611,29,71.97,2087.13
1612,1612,34,50.33,1711.22
1613,1613,37,100,3910.53
1614,1614,28,80.54,2255.12
1615,1615,49,100,5720.75
1616,1616,23,100,3335.23
1617,1617,46,53.76,2472.96
1618,1618,39,44.35,1729.65
1619,1619,22,45.25,995.5
1620,1620,49,49.28,2414.72
1621,1621,43,36.29,1560.47
1622,1622,27,41.22,1112.94
1623,1623,31,36.74,1138.94
1624,1624,20,50.62,1012.4
1625,1625,24,38.08,913.92
1626,1626,49,47.94,2349.06
1627,1627,24,48.38,1161.12
1628,1628,39,45.25,1764.75
1629,1629,37,45.7,1690.9
1630,1630,45,47.49,2137.05
1631,1631,45,48.38,2177.1
1632,1632,44,39.42,1734.48
1633,1633,23,37.63,865.49
1634,1634,30,100,3500.1
1635,1635,26,85.52,2223.52
1636,1636,43,53.76,2311.68
1637,1637,26,31.86,828.36
1638,1638,28,30.59,856.52
1639,1639,27,68.35,1845.45
1640,1640,24,100,4042.08
1641,1641,40,45.7,1828
1642,1642,36,100,3680.28
1643,1643,21,100,2925.09
1644,1644,27,100,3415.77
1645,1645,47,100,5105.14
1646,1646,42,100,5098.8
1647,1647,32,100,4661.76
1648,1648,28,100,2969.96
1649,1649,24,100,3496.32
1650,1650,49,100,5760.93
1651,1651,46,100,6819.04
1652,1652,28,100,3148.88
1653,1653,48,100,5704.32
1654,1654,29,100,3520.6
1655,1655,47,100,5285.62
1656,1656,43,100,5605.05
1657,1657,25,100,2779.5
1658,1658,48,100,5398.08
1659,1659,24,100,3189.6
1660,1660,42,100,5581.8
1661,1661,31,100,3820.44
1662,1662,42,100,5528.04
1663,1663,37,100,5981.42
1664,1664,41,100,5684.65
1665,1665,20,100,3449.4
1666,1666,20,100,2654.4
1667,1667,70,100,8498
1668,1668,49,100,5510.54
1669,1669,35,58.87,2060.45
1670,1670,32,76.88,2460.16
1671,1671,29,61.64,1787.56
1672,1672,27,60.95,1645.65
1673,1673,27,80.34,2169.18
1674,1674,38,74.11,2816.18
1675,1675,35,72.03,2521.05
1676,1676,42,76.19,3199.98
1677,1677,21,63.72,1338.12
1678,1678,37,80.34,2972.58
1679,1679,26,79.65,2070.9
1680,1680,47,65.8,3092.6
1681,1681,37,65.1,2408.7
1682,1682,46,75.49,3472.54
1683,1683,38,59.56,2263.28
1684,1684,33,66.49,2194.17
1685,1685,24,56.1,1346.4
1686,1686,31,81.73,2533.63
1687,1687,42,81.03,3403.26
1688,1688,32,100,3307.2
1689,1689,41,70.65,2896.65
1690,1690,43,61.23,2632.89
1691,1691,20,100,2046
1692,1692,35,65.13,2279.55
1693,1693,27,79.65,2150.55
1694,1694,43,78.15,3360.45
1695,1695,32,72.7,2326.4
1696,1696,21,73.6,1545.6
1697,1697,20,100,2144.6
1698,1698,22,74.51,1639.22
1699,1699,36,73.6,2649.6
1700,1700,46,83.6,3845.6
1701,1701,47,96.32,4527.04
1702,1702,45,88.14,3966.3
1703,1703,47,88.14,4142.58
1704,1704,47,94.5,4441.5
1705,1705,38,87.24,3315.12
1706,1706,49,79.97,3918.53
1707,1707,35,80.87,2830.45
1708,1708,49,100,5298.86
1709,1709,28,93.6,2620.8
1710,1710,30,72.7,2181
1711,1711,39,86.72,3382.08
1712,1712,25,100,2876.75
1713,1713,40,100,4107.2
1714,1714,36,37.5,1350
1715,1715,76,94.5,7182
1716,1716,39,100,3933.93
1717,1717,44,39.6,1742.4
1718,1718,24,30.06,721.44
1719,1719,39,38.19,1489.41
1720,1720,21,42.43,891.03
1721,1721,30,40.31,1209.3
1722,1722,27,31.82,859.14
1723,1723,37,31.12,1151.44
1724,1724,42,31.82,1336.44
1725,1725,32,28.29,905.28
1726,1726,42,29.7,1247.4
1727,1727,21,40.31,846.51
1728,1728,33,32.88,1085.04
1729,1729,49,36.07,1767.43
1730,1730,31,33.24,1030.44
1731,1731,38,41.72,1585.36
1732,1732,20,40.66,813.2
1733,1733,39,30.06,1172.34
1734,1734,48,31.47,1510.56
1735,1735,39,37.13,1448.07
1736,1736,30,100,3338.1
1737,1737,33,37.13,1225.29
1738,1738,36,37.13,1336.68
1739,1739,36,82.94,2985.84
1740,1740,45,100,5545.8
1741,1741,40,100,6089.6
1742,1742,46,38.9,1789.4
1743,1743,30,36.07,1082.1
1744,1744,31,33.24,1030.44
1745,1745,49,74.68,3659.32
1746,1746,41,59.6,2443.6
1747,1747,35,67.14,2349.9
1748,1748,27,60.97,1646.19
1749,1749,23,72.62,1670.26
1750,1750,21,69.88,1467.48
1751,1751,34,80.84,2748.56
1752,1752,22,69.2,1522.4
1753,1753,48,67.82,3255.36
1754,1754,43,82.21,3535.03
1755,1755,32,81.53,2608.96
1756,1756,20,67.82,1356.4
1757,1757,24,67.14,1611.36
1758,1758,40,65.08,2603.2
1759,1759,30,73.99,2219.7
1760,1760,21,71.25,1496.25
1761,1761,25,75.36,1884
1762,1762,34,63.71,2166.14
1763,1763,48,58.92,2828.16
1764,1764,55,100,6214.45
1765,1765,25,74.68,1867
1766,1766,38,70.44,2676.72
1767,1767,39,55.96,2182.44
1768,1768,28,57.55,1611.4
1769,1769,24,61.66,1479.84
1770,1770,21,67.82,1424.22
1771,1771,46,100,5942.28
1772,1772,25,93.95,2348.75
1773,1773,34,100,4392.12
1774,1774,25,100,2759.75
1775,1775,23,100,2728.03
1776,1776,20,100,2395.8
1777,1777,23,100,3052.33
1778,1778,42,100,4242
1779,1779,27,100,2790.45
1780,1780,33,100,4340.49
1781,1781,28,98.65,2762.2
1782,1782,43,100,4645.72
1783,1783,48,100,5580.96
1784,1784,48,100,6539.04
1785,1785,45,100,5548.95
1786,1786,43,100,4595.41
1787,1787,44,42.26,1859.44
1788,1788,24,87.24,2093.76
1789,1789,31,100,4223.13
1790,1790,44,36.29,1596.76
1791,1791,59,98.65,5820.35
1792,1792,55,96.3,5296.5
1793,1793,29,32.1,930.9
1794,1794,39,30.96,1207.44
1795,1795,20,35.87,717.4
1796,1796,25,42.67,1066.75
1797,1797,42,37,1554
1798,1798,36,35.49,1277.64
1799,1799,37,42.67,1578.79
1800,1800,30,30.59,917.7
1801,1801,21,37,777
1802,1802,34,43.42,1476.28
1803,1803,42,36.63,1538.46
1804,1804,20,44.56,891.2
1805,1805,40,42.67,1706.8
1806,1806,34,40.4,1373.6
1807,1807,31,38.89,1205.59
1808,1808,36,39.65,1427.4
1809,1809,48,34.36,1649.28
1810,1810,33,41.91,1383.03
1811,1811,37,33.23,1229.51
1812,1812,27,42.24,1140.48
1813,1813,39,40.4,1575.6
1814,1814,36,38.52,1386.72
1815,1815,36,100,5018.4
1816,1816,41,100,5856.85
1817,1817,37,100,4894.73
1818,1818,47,44.56,2094.32
1819,1819,15,42.67,640.05
1820,1820,44,72.58,3193.52
1821,1821,35,87.62,3066.7
1822,1822,41,94.71,3883.11
1823,1823,49,98.25,4814.25
1824,1824,31,91.17,2826.27
1825,1825,20,79.66,1593.2
1826,1826,45,72.58,3266.1
1827,1827,33,74.35,2453.55
1828,1828,47,83.2,3910.4
1829,1829,20,89.4,1788
1830,1830,47,70.81,3328.07
1831,1831,40,94.71,3788.4
1832,1832,30,100,3053.7
1833,1833,22,91.17,2005.74
1834,1834,27,100,2796.12
1835,1835,34,92.94,3159.96
1836,1836,46,84.97,3908.62
1837,1837,31,84.08,2606.48
1838,1838,24,86.74,2081.76
1839,1839,41,85.85,3519.85
1840,1840,55,100,10758
1841,1841,30,100,3021
1842,1842,33,57.32,1891.56
1843,1843,43,97.87,4208.41
1844,1844,27,83.2,2246.4
1845,1845,60,100,6107.4
1846,1846,27,73.62,1987.74
1847,1847,49,83.04,4068.96
1848,1848,31,73.62,2282.22
1849,1849,20,77.05,1541
1850,1850,24,81.33,1951.92
1851,1851,33,94.17,3107.61
1852,1852,32,72.77,2328.64
1853,1853,40,79.62,3184.8
1854,1854,27,79.62,2149.74
1855,1855,40,79.62,3184.8
1856,1856,26,81.33,2114.58
1857,1857,44,96.74,4256.56
1858,1858,33,71.06,2344.98
1859,1859,34,68.49,2328.66
1860,1860,48,74.48,3575.04
1861,1861,25,83.04,2076
1862,1862,39,84.75,3305.25
1863,1863,45,34.19,1538.55
1864,1864,24,100,3325.92
1865,1865,46,79.62,3662.52
1866,1866,44,79.06,3478.64
1867,1867,13,81.33,1057.29
1868,1868,35,96.74,3385.9
1869,1869,30,63.07,1892.1
1870,1870,34,50.21,1707.14
1871,1871,27,66.13,1785.51
1872,1872,30,68.58,2057.4
1873,1873,50,69.8,3490
1874,1874,34,50.21,1707.14
1875,1875,23,65.52,1506.96
1876,1876,48,60.01,2880.48
1877,1877,34,64.9,2206.6
1878,1878,48,48.98,2351.04
1879,1879,24,50.21,1205.04
1880,1880,47,62.45,2935.15
1881,1881,24,52.66,1263.84
1882,1882,47,62.45,2935.15
1883,1883,20,61.23,1224.6
1884,1884,20,67.97,1359.4
1885,1885,31,58.78,1822.18
1886,1886,38,56.94,2163.72
1887,1887,26,61.23,1591.98
1888,1888,25,100,3078.5
1889,1889,48,62.45,2997.6
1890,1890,44,62.45,2747.8
1891,1891,21,100,2447.76
1892,1892,46,41.54,1910.84
1893,1893,46,52.84,2430.64
1894,1894,55,52.66,2896.3
1895,1895,31,52.6,1630.6
1896,1896,20,72.98,1459.6
1897,1897,29,59.18,1716.22
1898,1898,33,77.59,2560.47
1899,1899,34,55.89,1900.26
1900,1900,32,63.12,2019.84
1901,1901,27,73.64,1988.28
1902,1902,21,69.04,1449.84
1903,1903,27,71.67,1935.09
1904,1904,36,77.59,2793.24
1905,1905,43,70.35,3025.05
1906,1906,25,69.7,1742.5
1907,1907,46,70.35,3236.1
1908,1908,24,72.33,1735.92
1909,1909,39,71.67,2795.13
1910,1910,31,53.92,1671.52
1911,1911,22,71.67,1576.74
1912,1912,47,76.93,3615.71
1913,1913,20,72.98,1459.6
1914,1914,29,99.69,2891.01
1915,1915,38,68.38,2598.44
1916,1916,34,100,3871.92
1917,1917,46,66,3036
1918,1918,35,63.76,2231.6
1919,1919,34,71.67,2436.78
1920,1920,38,57.2,2173.6
1921,1921,18,69.7,1254.6
1922,1922,37,100,3724.42
1923,1923,43,100,5203
1924,1924,27,100,3469.5
1925,1925,30,100,3148.2
1926,1926,22,98.51,2167.22
1927,1927,49,100,6244.07
1928,1928,46,100,5566
1929,1929,48,91.02,4368.96
1930,1930,46,87.81,4039.26
1931,1931,48,92.09,4420.32
1932,1932,27,86.73,2341.71
1933,1933,43,100,5110.98
1934,1934,48,100,6168
1935,1935,41,100,4873.26
1936,1936,22,96.37,2120.14
1937,1937,46,92.09,4236.14
1938,1938,21,89.95,1888.95
1939,1939,31,37.18,1152.58
1940,1940,26,95.88,2492.88
1941,1941,20,99.58,1991.6
1942,1942,34,100,3953.18
1943,1943,43,86.73,3729.39
1944,1944,26,100,2617.16
1945,1945,50,79.67,3983.5
1946,1946,35,90.57,3169.95
1947,1947,50,77.99,3899.5
1948,1948,23,80.51,1851.73
1949,1949,37,67.93,2513.41
1950,1950,29,83.86,2431.94
1951,1951,21,72.12,1514.52
1952,1952,36,85.54,3079.44
1953,1953,22,86.38,1900.36
1954,1954,22,89.73,1974.06
1955,1955,46,80.51,3703.46
1956,1956,23,76.31,1755.13
1957,1957,49,87.21,4273.29
1958,1958,48,83.02,3984.96
1959,1959,33,72.96,2407.68
1960,1960,22,77.15,1697.3
1961,1961,22,91.41,2011.02
1962,1962,25,92.25,2306.25
1963,1963,20,92.25,1845
1964,1964,42,59.36,2493.12
1965,1965,25,60.34,1508.5
1966,1966,23,100,2394.3
1967,1967,37,85.54,3164.98
1968,1968,37,90.57,3351.09
1969,1969,42,72.96,3064.32
1970,1970,51,76.31,3891.81
1971,1971,40,100,5448.8
1972,1972,43,100,5494.97
1973,1973,47,100,6336.07
1974,1974,23,100,2906.97
1975,1975,35,100,4767.7
1976,1976,34,100,3819.56
1977,1977,25,100,3861.75
1978,1978,45,100,6319.35
1979,1979,47,100,6996.42
1980,1980,49,100,6949.67
1981,1981,40,100,4550
1982,1982,29,100,4479.63
1983,1983,39,100,5148
1984,1984,24,100,2932.08
1985,1985,25,100,3159.75
1986,1986,36,100,4297.32
1987,1987,50,100,7723.5
1988,1988,45,100,5497.65
1989,1989,26,100,4052.88
1990,1990,21,100,3135.93
1991,1991,42,100,5013.54
1992,1992,32,100,5302.72
1993,1993,31,94.58,2931.98
1994,1994,33,53.27,1757.91
1995,1995,45,100,6763.05
1996,1996,76,100,11739.7
1997,1997,70,100,9240
1998,1998,50,64.83,3241.5
1999,1999,28,70.29,1968.12
2000,2000,50,81.89,4094.5
2001,2001,28,66.19,1853.32
2002,2002,44,77.11,3392.84
2003,2003,27,73.02,1971.54
2004,2004,30,72.33,2169.9
2005,2005,43,66.19,2846.17
2006,2006,29,69.6,2018.4
2007,2007,48,56.64,2718.72
2008,2008,33,60.05,1981.65
2009,2009,40,75.06,3002.4
2010,2010,48,61.42,2948.16
2011,2011,41,81.89,3357.49
2012,2012,21,55.96,1175.16
2013,2013,32,71.65,2292.8
2014,2014,43,76.43,3286.49
2015,2015,30,77.79,2333.7
2016,2016,35,76.43,2675.05
2017,2017,45,96.92,4361.4
2018,2018,34,59.37,2018.58
2019,2019,26,100,3710.98
2020,2020,39,73,2847
2021,2021,41,73.32,3006.12
2022,2022,41,68.24,2797.84
2023,2023,64,60.05,3843.2
2024,2024,18,75.06,1351.08
2025,2025,49,34.47,1689.03
2026,2026,48,34.47,1654.56
2027,2027,46,33.23,1528.58
2028,2028,26,38.98,1013.48
2029,2029,37,38.98,1442.26
2030,2030,35,33.23,1163.05
2031,2031,23,42.26,971.98
2032,2032,22,41.03,902.66
2033,2033,39,33.23,1295.97
2034,2034,44,34.88,1534.72
2035,2035,27,43.9,1185.3
2036,2036,46,36.93,1698.78
2037,2037,33,41.85,1381.05
2038,2038,33,40.62,1340.46
2039,2039,24,40.21,965.04
2040,2040,31,35.29,1093.99
2041,2041,41,77.24,3166.84
2042,2042,22,97.44,2143.68
2043,2043,46,37.34,1717.64
2044,2044,43,95.03,4086.29
2045,2045,15,36.93,553.95
2046,2046,15,43.49,652.35
2047,2047,26,100,2921.62
2048,2048,44,100,5568.64
2049,2049,20,96.99,1939.8
2050,2050,40,94.62,3784.8
2051,2051,23,100,2802.09
2052,2052,24,99.36,2384.64
2053,2053,29,100,2915.66
2054,2054,49,100,5795.72
2055,2055,34,100,3699.88
2056,2056,28,100,2980.6
2057,2057,37,100,5032.74
2058,2058,45,100,4737.15
2059,2059,46,100,6311.2
2060,2060,22,100,3070.54
2061,2061,39,100,4797.39
2062,2062,27,100,3832.38
2063,2063,36,100,4641.48
2064,2064,38,100,4000.26
2065,2065,44,100,5325.76
2066,2066,31,100,4618.69
2067,2067,23,100,3182.97
2068,2068,22,100,2603.04
2069,2069,28,50.32,1408.96
2070,2070,21,93.91,1972.11
2071,2071,37,100,5207.75
2072,2072,31,100,4253.2
2073,2073,25,100,2873
2074,2074,26,86.68,2253.68
2075,2075,34,100,3576.12
2076,2076,29,100,3276.13
2077,2077,20,90.57,1811.4
2078,2078,42,91.55,3845.1
2079,2079,22,100,2571.14
2080,2080,47,100,5035.11
2081,2081,20,100,2279
2082,2082,33,97.39,3213.87
2083,2083,39,90.57,3532.23
2084,2084,33,100,3406.59
2085,2085,40,86.68,3467.2
2086,2086,46,78.89,3628.94
2087,2087,48,97.39,4674.72
2088,2088,21,78.89,1656.69
2089,2089,45,100,5171.4
2090,2090,33,100,3342.57
2091,2091,44,100,4884.88
2092,2092,33,100,6267.69
2093,2093,39,100,4424.16
2094,2094,39,50.31,1962.09
2095,2095,41,100,6847
2096,2096,40,86.92,3476.8
2097,2097,33,100,4592.61
2098,2098,28,78.89,2208.92
2099,2099,26,63.76,1657.76
2100,2100,29,85.49,2479.21
2101,2101,46,77.52,3565.92
2102,2102,33,84.77,2797.41
2103,2103,48,78.25,3756
2104,2104,40,71,2840
2105,2105,23,74.62,1716.26
2106,2106,40,81.14,3245.6
2107,2107,37,74.62,2760.94
2108,2108,24,75.35,1808.4
2109,2109,27,62.31,1682.37
2110,2110,21,71,1491
2111,2111,23,72.45,1666.35
2112,2112,44,83.32,3666.08
2113,2113,35,83.32,2916.2
2114,2114,43,60.86,2616.98
2115,2115,40,84.77,3390.8
2116,2116,35,89.9,3146.5
2117,2117,25,62.46,1561.5
2118,2118,43,100,10039.6
2119,2119,50,63.34,3167
2120,2120,45,78.25,3521.25
2121,2121,52,81.14,4219.28
2122,2122,48,74.62,3581.76
2123,2123,31,68.71,2130.01
2124,2124,29,71.14,2063.06
2125,2125,23,87.31,2008.13
2126,2126,31,64.67,2004.77
2127,2127,23,67.1,1543.3
2128,2128,24,94.58,2269.92
2129,2129,28,71.14,1991.92
2130,2130,44,66.29,2916.76
2131,2131,22,92.16,2027.52
2132,2132,46,70.33,3235.18
2133,2133,22,93.77,2062.94
2134,2134,38,87.31,3317.78
2135,2135,47,83.27,3913.69
2136,2136,48,75.18,3608.64
2137,2137,40,88.12,3524.8
2138,2138,32,80.84,2586.88
2139,2139,49,97.01,4753.49
2140,2140,43,85.69,3684.67
2141,2141,41,100,5715.4
2142,2142,30,100,3098.7
2143,2143,28,95.39,2670.92
2144,2144,43,100,5154.41
2145,2145,41,100,4894.17
2146,2146,30,82.42,2472.6
2147,2147,31,100,3224.31
2148,2148,32,100,3667.52
2149,2149,43,96.31,4141.33
2150,2150,26,100,2829.58
2151,2151,27,100,3068.55
2152,2152,24,100,2634.96
2153,2153,22,100,2436.72
2154,2154,46,100,4607.36
2155,2155,37,97.27,3598.99
2156,2156,49,80.9,3964.1
2157,2157,21,100,2244.9
2158,2158,25,100,2793
2159,2159,37,100,4133.64
2160,2160,45,86.68,3900.6
2161,2161,32,85.72,2743.04
2162,2162,29,82.83,2402.07
2163,2163,26,83.79,2178.54
2164,2164,28,100,3155.04
2165,2165,27,87.64,2366.28
2166,2166,20,98.18,1963.6
2167,2167,44,100,4746.28
2168,2168,42,100,6386.94
2169,2169,41,100,4428
2170,2170,26,100,4044.04
2171,2171,26,100,2708.42
2172,2172,26,100,2904.72
2173,2173,41,86.68,3553.88
2174,2174,20,92.9,1858
2175,2175,22,100,2461.36
2176,2176,23,100,2642.01
2177,2177,33,93.9,3098.7
2178,2178,28,100,3244.36
2179,2179,44,98.89,4351.16
2180,2180,46,79.91,3675.86
2181,2181,21,100,2475.27
2182,2182,41,100,4177.49
2183,2183,31,100,3282.28
2184,2184,31,79.91,2477.21
2185,2185,23,81.91,1883.93
2186,2186,37,98.89,3658.93
2187,2187,26,100,2856.88
2188,2188,24,79.91,1917.84
2189,2189,47,100,5305.36
2190,2190,45,63.91,2875.95
2191,2191,55,100,6482.85
2192,2192,46,81.17,3733.82
2193,2193,50,100,6576.5
2194,2194,37,100,6353.27
2195,2195,44,94.9,4175.6
2196,2196,49,100,4992.61
2197,2197,45,100,4764.6
2198,2198,27,43.45,1173.15
2199,2199,31,44.66,1384.46
2200,2200,33,40.23,1327.59
2201,2201,31,35.8,1109.8
2202,2202,35,35.4,1239
2203,2203,26,39.83,1035.58
2204,2204,34,45.46,1545.64
2205,2205,46,32.99,1517.54
2206,2206,41,42.24,1731.84
2207,2207,43,39.43,1695.49
2208,2208,26,40.23,1045.98
2209,2209,36,48.28,1738.08
2210,2210,20,32.59,651.8
2211,2211,27,36.61,988.47
2212,2212,37,41.03,1518.11
2213,2213,24,42.24,1013.76
2214,2214,36,43.05,1549.8
2215,2215,29,38.22,1108.38
2216,2216,28,100,4102.56
2217,2217,29,100,3713.16
2218,2218,38,39.83,1513.54
2219,2219,48,48.28,2317.44
2220,2220,40,82.46,3298.4
2221,2221,41,44.56,1826.96
2222,2222,30,40.23,1206.9
2223,2223,35,47.62,1666.7
2224,2224,28,55.73,1560.44
2225,2225,45,51.95,2337.75
2226,2226,24,45.99,1103.76
2227,2227,41,63.85,2617.85
2228,2228,48,45.99,2207.52
2229,2229,50,63.31,3165.5
2230,2230,33,62.77,2071.41
2231,2231,32,43.29,1385.28
2232,2232,27,60.06,1621.62
2233,2233,35,55.19,1931.65
2234,2234,23,54.11,1244.53
2235,2235,35,48.7,1704.5
2236,2236,40,43.83,1753.2
2237,2237,35,47.62,1666.7
2238,2238,31,55.19,1710.89
2239,2239,50,46.53,2326.5
2240,2240,40,57.9,2316
2241,2241,38,45.45,1727.1
2242,2242,38,100,8844.12
2243,2243,40,60.6,2424
2244,2244,33,46.53,1535.49
2245,2245,36,100,6358.68
2246,2246,20,66.47,1329.4
2247,2247,32,53.18,1701.76
2248,2248,36,62.77,2259.72
2249,2249,19,48.7,925.3
2250,2250,11,43.83,482.13
2251,2251,49,65.87,3227.63
2252,2252,27,63.38,1711.26
2253,2253,29,70.84,2054.36
2254,2254,42,74.57,3131.94
2255,2255,33,50.95,1681.35
2256,2256,44,53.44,2351.36
2257,2257,22,64,1408
2258,2258,48,50.95,2445.6
2259,2259,33,54.68,1804.44
2260,2260,45,56.55,2544.75
2261,2261,20,52.82,1056.4
2262,2262,46,60.9,2801.4
2263,2263,40,49.71,1988.4
2264,2264,45,64.63,2908.35
2265,2265,36,59.65,2147.4
2266,2266,31,67.73,2099.63
2267,2267,46,50.33,2315.18
2268,2268,35,66.49,2327.15
2269,2269,28,100,5377.4
2270,2270,31,84.71,2626.01
2271,2271,27,100,4406.4
2272,2272,22,100,4301.22
2273,2273,30,99.55,2986.5
2274,2274,44,36.07,1587.08
2275,2275,30,60.28,1808.4
2276,2276,24,49.71,1193.04
2277,2277,45,75.63,3403.35
2278,2278,23,68.52,1575.96
2279,2279,26,62.7,1630.2
2280,2280,28,60.76,1701.28
2281,2281,49,58.18,2850.82
2282,2282,49,54.94,2692.06
2283,2283,29,74.98,2174.42
2284,2284,49,64.64,3167.36
2285,2285,39,54.94,2142.66
2286,2286,36,58.82,2117.52
2287,2287,39,62.05,2419.95
2288,2288,30,73.04,2191.2
2289,2289,44,69.16,3043.04
2290,2290,20,61.41,1228.2
2291,2291,21,63.35,1330.35
2292,2292,36,77.57,2792.52
2293,2293,32,71.75,2296
2294,2294,36,73.04,2629.44
2295,2295,34,56.24,1912.16
2296,2296,48,100,8209.44
2297,2297,33,73.69,2431.77
2298,2298,31,100,3139.99
2299,2299,36,100,5669.64
2300,2300,25,100,3160.25
2301,2301,48,100,6799.68
2302,2302,27,69.16,1867.32
2303,2303,44,61.41,2702.04
2304,2304,33,72.92,2406.36
2305,2305,29,72.23,2094.67
2306,2306,49,57.1,2797.9
2307,2307,20,81.86,1637.2
2308,2308,31,73.61,2281.91
2309,2309,39,59.16,2307.24
2310,2310,20,66.04,1320.8
2311,2311,34,77.73,2642.82
2312,2312,50,61.22,3061
2313,2313,40,79.11,3164.4
2314,2314,28,63.97,1791.16
2315,2315,50,81.86,4093
2316,2316,28,79.8,2234.4
2317,2317,46,66.04,3037.84
2318,2318,24,59.16,1419.84
2319,2319,24,81.17,1948.08
2320,2320,39,59.16,2307.24
2321,2321,40,44.51,1780.4
2322,2322,49,72.33,3544.17
2323,2323,44,82.26,3619.44
2324,2324,35,100,3918.95
2325,2325,22,67.41,1483.02
2326,2326,62,77.73,4819.26
2327,2327,26,61.22,1591.72
2328,2328,31,100,3669.78
2329,2329,25,86.74,2168.5
2330,2330,30,89.8,2694
2331,2331,27,100,3251.34
2332,2332,23,100,2347.15
2333,2333,34,100,3920.88
2334,2334,22,100,2514.6
2335,2335,42,85.72,3600.24
2336,2336,37,100,4040.03
2337,2337,30,100,3336.9
2338,2338,27,100,3113.64
2339,2339,25,100,2832
2340,2340,34,97.97,3330.98
2341,2341,38,100,4304.64
2342,2342,26,100,2600.26
2343,2343,38,100,4382.16
2344,2344,50,84.7,4235
2345,2345,22,100,2626.8
2346,2346,32,100,5026.56
2347,2347,31,71.02,2201.62
2348,2348,40,100,4326.8
2349,2349,22,100,3425.18
2350,2350,41,100,4701.88
2351,2351,45,48.98,2204.1
2352,2352,45,100,5189.4
2353,2353,39,40.15,1565.85
2354,2354,49,50.62,2480.38
2355,2355,27,50.19,1355.13
2356,2356,34,36.66,1246.44
2357,2357,20,41.02,820.4
2358,2358,48,51.93,2492.64
2359,2359,29,38.4,1113.6
2360,2360,43,41.02,1763.86
2361,2361,41,46.26,1896.66
2362,2362,41,35.35,1449.35
2363,2363,36,51.93,1869.48
2364,2364,49,37.97,1860.53
2365,2365,38,45.39,1724.82
2366,2366,33,51.93,1713.69
2367,2367,26,48.44,1259.44
2368,2368,47,43.64,2051.08
2369,2369,34,47.57,1617.38
2370,2370,34,51.93,1765.62
2371,2371,40,50.62,2024.8
2372,2372,40,82.21,3288.4
2373,2373,33,82.59,2725.47
2374,2374,49,65.8,3224.2
2375,2375,27,100,3211.38
2376,2376,49,36.66,1796.34
2377,2377,56,35.35,1979.6
2378,2378,37,51.93,1921.41
2379,2379,33,100,3705.24
2380,2380,27,100,2843.91
2381,2381,46,100,6176.42
2382,2382,44,100,5500.44
2383,2383,26,100,3220.1
2384,2384,48,94.92,4556.16
2385,2385,23,100,3114.89
2386,2386,45,100,4948.2
2387,2387,49,100,5161.17
2388,2388,28,94.92,2657.76
2389,2389,37,100,3983.05
2390,2390,34,100,3974.94
2391,2391,22,100,2928.42
2392,2392,29,100,3054.57
2393,2393,34,98.39,3345.26
2394,2394,38,100,4310.72
2395,2395,41,100,4983.14
2396,2396,42,100,4618.32
2397,2397,28,100,3403.12
2398,2398,38,100,5190.42
2399,2399,23,100,3141.57
2400,2400,31,71.4,2213.4
2401,2401,46,100,4896.7
2402,2402,48,56.55,2714.4
2403,2403,29,100,3087.05
2404,2404,46,100,5692.96
2405,2405,26,100,3460.86
2406,2406,18,100,1895.94
2407,2407,32,53.31,1705.92
2408,2408,21,49.21,1033.41
2409,2409,46,69.12,3179.52
2410,2410,42,49.79,2091.18
2411,2411,31,57.41,1779.71
2412,2412,38,66.78,2537.64
2413,2413,38,64.44,2448.72
2414,2414,20,48.62,972.4
2415,2415,46,62.09,2856.14
2416,2416,30,65.61,1968.3
2417,2417,30,68.54,2056.2
2418,2418,43,52.14,2242.02
2419,2419,49,63.85,3128.65
2420,2420,43,56.82,2443.26
2421,2421,37,66.78,2470.86
2422,2422,35,55.07,1927.45
2423,2423,34,60.34,2051.56
2424,2424,38,61.51,2337.38
2425,2425,44,100,5932.96
2426,2426,21,100,2296.77
2427,2427,44,100,6490.88
2428,2428,25,64.93,1623.25
2429,2429,24,58.58,1405.92
2430,2430,38,60.06,2282.28
2431,2431,45,100,8977.05
2432,2432,51,63.85,3256.35
2433,2433,34,82.99,2821.66
2434,2434,44,74.85,3293.4
2435,2435,44,96,4224
2436,2436,38,81.36,3091.68
2437,2437,31,71.6,2219.6
2438,2438,48,80.55,3866.4
2439,2439,21,93.56,1964.76
2440,2440,40,66.72,2668.8
2441,2441,40,80.55,3222
2442,2442,50,77.29,3864.5
2443,2443,20,68.34,1366.8
2444,2444,48,72.41,3475.68
2445,2445,47,89.5,4206.5
2446,2446,21,70.78,1486.38
2447,2447,39,78.92,3077.88
2448,2448,44,80.55,3544.2
2449,2449,28,88.68,2483.04
2450,2450,45,77.29,3478.05
2451,2451,20,100,3657.8
2452,2452,38,100,4682.36
2453,2453,26,100,3937.7
2454,2454,44,100,4984.32
2455,2455,49,100,5406.66
2456,2456,22,100,3491.18
2457,2457,31,68.34,2118.54
2458,2458,41,70.67,2897.47
2459,2459,25,76.67,1916.75
2460,2460,31,60,1860
2461,2461,41,64,2624
2462,2462,43,64.67,2780.81
2463,2463,43,75.34,3239.62
2464,2464,24,76,1824
2465,2465,21,54,1134
2466,2466,23,64.67,1487.41
2467,2467,38,74.67,2837.46
2468,2468,31,62.67,1942.77
2469,2469,36,70.67,2544.12
2470,2470,36,71.34,2568.24
2471,2471,34,62,2108
2472,2472,21,65.34,1372.14
2473,2473,45,78.67,3540.15
2474,2474,26,75.34,1958.84
2475,2475,50,54,2700
2476,2476,41,62,2542
2477,2477,39,60,2340
2478,2478,22,100,2816.44
2479,2479,46,76.67,3526.82
2480,2480,44,100,4627.92
2481,2481,25,77.34,1933.5
2482,2482,39,66.67,2600.13
2483,2483,37,71.34,2639.58
2484,2484,31,100,3312.97
2485,2485,47,82.21,3863.87
2486,2486,24,77.64,1863.36
2487,2487,36,100,3945.96
2488,2488,48,100,4954.08
2489,2489,28,98.65,2762.2
2490,2490,48,83.12,3989.76
2491,2491,21,78.55,1649.55
2492,2492,25,100,2534.75
2493,2493,25,100,2580.25
2494,2494,31,91.34,2831.54
2495,2495,40,84.03,3361.2
2496,2496,32,89.51,2864.32
2497,2497,24,83.12,1994.88
2498,2498,42,100,4296.6
2499,2499,21,100,2224.95
2500,2500,34,82.21,2795.14
2501,2501,27,100,2762.1
2502,2502,30,88.6,2658
2503,2503,39,100,5043.87
2504,2504,20,60.54,1210.8
2505,2505,37,81.87,3029.19
2506,2506,46,100,10066.6
2507,2507,47,87.69,4121.43
2508,2508,11,100,1135.31
2509,2509,23,91.34,2100.82
2510,2510,29,70.15,2034.35
2511,2511,38,79.68,3027.84
2512,2512,32,97,3104
2513,2513,43,84.01,3612.43
2514,2514,31,87.48,2711.88
2515,2515,29,100,3013.97
2516,2516,31,88.34,2738.54
2517,2517,30,94.4,2832
2518,2518,50,94.4,4720
2519,2519,40,80.55,3222
2520,2520,23,97,2231
2521,2521,26,88.34,2296.84
2522,2522,40,100,4157.2
2523,2523,21,100,2146.2
2524,2524,43,86.61,3724.23
2525,2525,29,71.89,2084.81
2526,2526,38,91.81,3488.78
2527,2527,23,76.22,1753.06
2528,2528,20,100,3469.2
2529,2529,36,70.3,2530.8
2530,2530,28,100,2924.32
2531,2531,44,100,4496.8
2532,2532,49,100,6397.44
2533,2533,32,80.55,2577.6
2534,2534,34,100,3533.62
2535,2535,30,100,3177.3
2536,2536,29,94.14,2730.06
2537,2537,22,85.99,1891.78
2538,2538,26,100,2612.48
2539,2539,32,91.43,2925.76
2540,2540,29,100,2940.02
2541,2541,34,96.86,3293.24
2542,2542,24,99.57,2389.68
2543,2543,24,90.52,2172.48
2544,2544,33,88.71,2927.43
2545,2545,26,100,2659.54
2546,2546,40,95.95,3838
2547,2547,44,94.14,4142.16
2548,2548,24,90.52,2172.48
2549,2549,20,94.14,1882.8
2550,2550,34,100,3477.86
2551,2551,34,97.76,3323.84
2552,2552,45,93.24,4195.8
2553,2553,41,100,4156.58
2554,2554,55,71.25,3918.75
2555,2555,23,100,2352.67
2556,2556,24,45.39,1089.36
2557,2557,32,84.41,2701.12
2558,2558,29,85.76,2487.04
2559,2559,36,100,3910.32
2560,2560,46,87.8,4038.8
2561,2561,32,95.95,3070.4
2562,2562,34,100,3763.46
2563,2563,24,100,2584.8
2564,2564,40,100,4427.6
2565,2565,26,82.77,2152.02
2566,2566,20,100,2353.4
2567,2567,31,100,3431.39
2568,2568,22,87.75,1930.5
2569,2569,42,100,4774.56
2570,2570,26,99.72,2592.72
2571,2571,37,87.75,3246.75
2572,2572,38,88.75,3372.5
2573,2573,35,100,3909.15
2574,2574,33,90.75,2994.75
2575,2575,39,100,4472.52
2576,2576,45,100,4576.95
2577,2577,24,100,2441.04
2578,2578,35,88.75,3106.25
2579,2579,23,100,2706.41
2580,2580,37,100,4021.53
2581,2581,55,87.75,4826.25
2582,2582,49,100,4935.28
2583,2583,26,100,2754.7
2584,2584,33,100,3856.71
2585,2585,37,83.84,3102.08
2586,2586,22,86.76,1908.72
2587,2587,85,88.75,7543.75
2588,2588,22,100,2457.18
2589,2589,31,65.77,2038.87
2590,2590,38,65.77,2499.26
2591,2591,45,85.29,3838.05
2592,2592,31,85.29,2643.99
2593,2593,36,64.33,2315.88
2594,2594,46,70.11,3225.06
2595,2595,32,76.62,2451.84
2596,2596,39,57.82,2254.98
2597,2597,50,78.79,3939.5
2598,2598,46,74.45,3424.7
2599,2599,36,80.95,2914.2
2600,2600,29,82.4,2389.6
2601,2601,32,75.89,2428.48
2602,2602,44,68.67,3021.48
2603,2603,42,62.16,2610.72
2604,2604,47,65.77,3091.19
2605,2605,44,58.55,2576.2
2606,2606,43,75.17,3232.31
2607,2607,48,74.45,3573.6
2608,2608,21,96.31,2022.51
2609,2609,50,74.35,3717.5
2610,2610,29,75.35,2185.15
2611,2611,41,70.33,2883.53
2612,2612,37,100,5017.57
2613,2613,22,66.5,1463
2614,2614,31,75.89,2352.59
2615,2615,42,100,4460.82
2616,2616,42,100,4758.18
2617,2617,45,100,4597.2
2618,2618,36,100,4114.8
2619,2619,20,100,2104
2620,2620,39,81.93,3195.27
2621,2621,42,85.98,3611.16
2622,2622,23,86.99,2000.77
2623,2623,26,89.01,2314.26
2624,2624,33,100,3871.89
2625,2625,31,88,2728
2626,2626,50,100,5614
2627,2627,44,100,4628.8
2628,2628,45,80.92,3641.4
2629,2629,46,88,4048
2630,2630,27,85.98,2321.46
2631,2631,28,100,3256.96
2632,2632,40,100,4208
2633,2633,30,99.13,2973.9
2634,2634,34,100,4248.3
2635,2635,46,100,9558.8
2636,2636,32,82.83,2650.56
2637,2637,27,100,3761.37
2638,2638,34,100,4301.34
2639,2639,34,54.84,1864.56
2640,2640,34,100,3576.8
2641,2641,46,80.92,3722.32
2642,2642,32,100,3986.56
2643,2643,24,100,3417.12
2644,2644,27,99.67,2691.09
2645,2645,20,100,2752.6
2646,2646,36,100,4527.72
2647,2647,29,100,3957.05
2648,2648,25,100,2818
2649,2649,29,100,3199.86
2650,2650,25,96.11,2402.75
2651,2651,44,100,6055.72
2652,2652,47,100,5465.16
2653,2653,48,100,6378.72
2654,2654,45,100,5392.8
2655,2655,35,100,3986.5
2656,2656,31,100,4009.23
2657,2657,50,100,7119
2658,2658,33,100,4072.2
2659,2659,29,100,4094.51
2660,2660,48,68.8,3302.4
2661,2661,44,72.42,3186.48
2662,2662,25,66.73,1668.25
2663,2663,50,100,7154.5
2664,2664,23,100,2810.83
2665,2665,21,96.11,2018.31
2666,2666,41,100,5642.83
2667,2667,44,74.4,3273.6
2668,2668,43,76,3268
2669,2669,28,96,2688
2670,2670,43,86.4,3715.2
2671,2671,48,96,4608
2672,2672,38,82.4,3131.2
2673,2673,31,86.4,2678.4
2674,2674,26,67.2,1747.2
2675,2675,32,92,2944
2676,2676,44,67.2,2956.8
2677,2677,27,76,2052
2678,2678,43,73.6,3164.8
2679,2679,25,69.6,1740
2680,2680,22,80.8,1777.6
2681,2681,21,87.2,1831.2
2682,2682,48,75.2,3609.6
2683,2683,33,64,2112
2684,2684,34,100,3644.12
2685,2685,43,81.95,3523.85
2686,2686,44,100,5001.92
2687,2687,44,100,5208.72
2688,2688,32,94.34,3018.88
2689,2689,29,65.6,1902.4
2690,2690,77,92,7084
2691,2691,39,67.2,2620.8
2692,2692,39,81.14,3164.46
2693,2693,36,100,4219.2
2694,2694,42,91.15,3828.3
2695,2695,21,100,2334.99
2696,2696,50,88.15,4407.5
2697,2697,24,100,2812.8
2698,2698,44,92.16,4055.04
2699,2699,37,100,3891.66
2700,2700,27,92.16,2488.32
2701,2701,37,100,4447.4
2702,2702,38,100,4187.22
2703,2703,48,96.16,4615.68
2704,2704,30,100,3245.4
2705,2705,25,88.15,2203.75
2706,2706,40,86.15,3446
2707,2707,22,88.15,1939.3
2708,2708,34,100,3473.78
2709,2709,32,90.15,2884.8
2710,2710,31,86.15,2670.65
2711,2711,43,80,3440
2712,2712,31,89.38,2770.78
2713,2713,31,77.34,2397.54
2714,2714,34,96.34,3275.56
2715,2715,45,92.08,4143.6
2716,2716,48,100,5192.64
2717,2717,28,100,3029.04
2718,2718,22,100,2556.18
2719,2719,45,83.42,3753.9
2720,2720,30,85.41,2562.3
2721,2721,38,85.41,3245.58
2722,2722,20,100,2204.6
2723,2723,28,100,3003
2724,2724,24,100,2526.48
2725,2725,22,79.45,1747.9
2726,2726,35,93.35,3267.25
2727,2727,33,85.41,2818.53
2728,2728,31,95.34,2955.54
2729,2729,35,82.43,2885.05
2730,2730,35,90.37,3162.95
2731,2731,50,81.43,4071.5
2732,2732,26,100,2969.46
2733,2733,38,89.38,3396.44
2734,2734,45,100,4692.6
2735,2735,30,100,3515.7
2736,2736,37,91.37,3380.69
2737,2737,37,86.61,3204.57
2738,2738,36,71.89,2588.04
2739,2739,25,100,2854.75
2740,2740,37,100,4025.6
2741,2741,30,95.48,2864.4
2742,2742,36,100,3789.72
2743,2743,27,90.37,2439.99
2744,2744,48,61.44,2949.12
2745,2745,26,59.22,1539.72
2746,2746,26,85.13,2213.38
2747,2747,34,85.87,2919.58
2748,2748,44,85.87,3778.28
2749,2749,39,82.91,3233.49
2750,2750,45,76.25,3431.25
2751,2751,40,63.67,2546.8
2752,2752,42,70.33,2953.86
2753,2753,43,74.03,3183.29
2754,2754,34,72.55,2466.7
2755,2755,38,62.19,2363.22
2756,2756,35,71.07,2487.45
2757,2757,31,72.55,2249.05
2758,2758,32,64.41,2061.12
2759,2759,47,86.62,4071.14
2760,2760,39,68.11,2656.29
2761,2761,44,62.19,2736.36
2762,2762,39,85.87,3348.93
2763,2763,50,57.86,2893
2764,2764,22,75.51,1661.22
2765,2765,35,100,4277.35
2766,2766,45,55.62,2502.9
2767,2767,44,86.4,3801.6
2768,2768,36,87.36,3144.96
2769,2769,28,72.55,2031.4
2770,2770,43,62.19,2674.17
2771,2771,48,52.64,2526.72
2772,2772,28,48.17,1348.76
2773,2773,21,41.71,875.91
2774,2774,37,50.65,1874.05
2775,2775,34,49.16,1671.44
2776,2776,40,41.71,1668.4
2777,2777,45,51.15,2301.75
2778,2778,28,52.14,1459.92
2779,2779,29,41.71,1209.59
2780,2780,48,44.69,2145.12
2781,2781,31,45.69,1416.39
2782,2782,32,57.61,1843.52
2783,2783,21,57.11,1199.31
2784,2784,32,58.6,1875.2
2785,2785,43,57.61,2477.23
2786,2786,21,45.19,948.99
2787,2787,34,53.63,1823.42
2788,2788,34,43.7,1485.8
2789,2789,44,86.13,3789.72
2790,2790,27,76.31,2060.37
2791,2791,49,52.64,2579.36
2792,2792,23,95.2,2189.6
2793,2793,25,64.97,1624.25
2794,2794,50,87.15,4357.5
2795,2795,34,40.22,1367.48
2796,2796,20,56.12,1122.4
2797,2797,42,57.61,2419.62
2798,2798,25,56.78,1419.5
2799,2799,50,43.68,2184
2800,2800,32,64.97,2079.04
2801,2801,39,44.23,1724.97
2802,2802,50,60.06,3003
2803,2803,38,48.59,1846.42
2804,2804,40,50.23,2009.2
2805,2805,28,64.43,1804.04
2806,2806,42,50.23,2109.66
2807,2807,42,63.88,2682.96
2808,2808,36,63.34,2280.24
2809,2809,24,49.69,1192.56
2810,2810,23,65.52,1506.96
2811,2811,29,50.78,1472.62
2812,2812,37,45.86,1696.82
2813,2813,33,51.32,1693.56
2814,2814,32,60.06,1921.92
2815,2815,35,59.51,2082.85
2816,2816,40,55.69,2227.6
2817,2817,37,86.74,3209.38
2818,2818,42,97.16,4080.72
2819,2819,20,100,2244.4
2820,2820,29,100,3978.51
2821,2821,43,100,5417.57
2822,2822,34,62.24,2116.16
2823,2823,47,65.52,3079.44