id,oi_id,order_date,qtr_id,month_id,year_id
1,1,2/24/2003 0:00,1,2,2003
2,2,5/7/2003 0:00,2,5,2003
3,3,7/1/2003 0:00,3,7,2003
4,4,8/25/2003 0:00,3,8,2003
5,5,10/10/2003 0:00,4,10,2003
6,6,10/28/2003 0:00,4,10,2003
7,7,11/11/2003 0:00,4,11,2003
8,8,11/18/2003 0:00,4,11,2003
9,9,12/1/2003 0:00,4,12,2003
10,10,1/15/2004 0:00,1,1,2004
11,11,2/20/2004 0:00,1,2,2004
12,12,4/5/2004 0:00,2,4,2004
13,13,5/18/2004 0:00,2,5,2004
14,14,6/28/2004 0:00,2,6,2004
15,15,7/23/2004 0:00,3,7,2004
16,16,8/27/2004 0:00,3,8,2004
17,17,9/30/2004 0:00,3,9,2004
18,18,10/15/2004 0:00,4,10,2004
19,19,11/2/2004 0:00,4,11,2004
20,20,11/15/2004 0:00,4,11,2004
21,21,11/24/2004 0:00,4,11,2004
22,22,12/17/2004 0:00,4,12,2004
23,23,2/3/2005 0:00,1,2,2005
24,24,3/3/2005 0:00,1,3,2005
25,25,4/8/2005 0:00,2,4,2005
26,26,5/13/2005 0:00,2,5,2005
27,27,1/29/2003 0:00,1,1,2003
28,28,3/24/2003 0:00,1,3,2003
29,29,5/28/2003 0:00,2,5,2003
30,30,7/24/2003 0:00,3,7,2003
31,31,9/19/2003 0:00,3,9,2003
32,32,10/20/2003 0:00,4,10,2003
33,33,11/6/2003 0:00,4,11,2003
34,34,11/13/2003 0:00,4,11,2003
35,35,11/25/2003 0:00,4,11,2003
36,36,12/5/2003 0:00,4,12,2003
37,37,1/29/2004 0:00,1,1,2004
38,38,3/10/2004 0:00,1,3,2004
39,39,5/4/2004 0:00,2,5,2004
40,40,6/15/2004 0:00,2,6,2004
41,41,7/19/2004 0:00,3,7,2004
42,42,8/17/2004 0:00,3,8,2004
43,43,9/8/2004 0:00,3,9,2004
44,44,10/11/2004 0:00,4,10,2004
45,45,10/21/2004 0:00,4,10,2004
46,46,11/4/2004 0:00,4,11,2004
47,47,11/18/2004 0:00,4,11,2004
48,48,11/29/2004 0:00,4,11,2004
49,49,12/10/2004 0:00,4,12,2004
50,50,1/20/2005 0:00,1,1,2005
51,51,2/17/2005 0:00,1,2,2005
52,52,3/9/2005 0:00,1,3,2005
53,53,5/1/2005 0:00,2,5,2005
54,54,5/31/2005 0:00,2,5,2005
55,55,2/24/2003 0:00,1,2,2003
56,56,4/29/2003 0:00,2,4,2003
57,57,7/1/2003 0:00,3,7,2003
58,58,8/25/2003 0:00,3,8,2003
59,59,10/10/2003 0:00,4,10,2003
60,60,10/28/2003 0:00,4,10,2003
61,61,11/11/2003 0:00,4,11,2003
62,62,11/18/2003 0:00,4,11,2003
63,63,12/1/2003 0:00,4,12,2003
64,64,1/12/2004 0:00,1,1,2004
65,65,2/20/2004 0:00,1,2,2004
66,66,4/3/2004 0:00,2,4,2004
67,67,5/18/2004 0:00,2,5,2004
68,68,6/28/2004 0:00,2,6,2004
69,69,7/23/2004 0:00,3,7,2004
70,70,8/27/2004 0:00,3,8,2004
71,71,9/27/2004 0:00,3,9,2004
72,72,10/15/2004 0:00,4,10,2004
73,73,11/2/2004 0:00,4,11,2004
74,74,11/15/2004 0:00,4,11,2004
75,75,11/23/2004 0:00,4,11,2004
76,76,12/17/2004 0:00,4,12,2004
77,77,2/2/2005 0:00,1,2,2005
78,78,3/3/2005 0:00,1,3,2005
79,79,4/7/2005 0:00,2,4,2005
80,80,5/13/2005 0:00,2,5,2005
81,81,2/24/2003 0:00,1,2,2003
82,82,4/29/2003 0:00,2,4,2003
83,83,7/1/2003 0:00,3,7,2003
84,84,8/25/2003 0:00,3,8,2003
85,85,10/10/2003 0:00,4,10,2003
86,86,10/28/2003 0:00,4,10,2003
87,87,11/11/2003 0:00,4,11,2003
88,88,11/18/2003 0:00,4,11,2003
89,89,12/1/2003 0:00,4,12,2003
90,90,1/12/2004 0:00,1,1,2004
91,91,2/20/2004 0:00,1,2,2004
92,92,4/5/2004 0:00,2,4,2004
93,93,5/18/2004 0:00,2,5,2004
94,94,6/28/2004 0:00,2,6,2004
95,95,7/23/2004 0:00,3,7,2004
96,96,8/27/2004 0:00,3,8,2004
97,97,9/30/2004 0:00,3,9,2004
98,98,10/15/2004 0:00,4,10,2004
99,99,11/2/2004 0:00,4,11,2004
100,100,11/15/2004 0:00,4,11,2004
101,101,11/23/2004 0:00,4,11,2004
102,102,1/5/2005 0:00,1,1,2005
103,103,2/2/2005 0:00,1,2,2005
104,104,3/3/2005 0:00,1,3,2005
105,105,4/8/2005 0:00,2,4,2005
106,106,5/13/2005 0:00,2,5,2005
107,107,2/11/2003 0:00,1,2,2003
108,108,4/28/2003 0:00,2,4,2003
109,109,6/12/2003 0:00,2,6,2003
110,110,8/10/2003 0:00,3,8,2003
111,111,10/6/2003 0:00,4,10,2003
112,112,10/23/2003 0:00,4,10,2003
113,113,11/8/2003 0:00,4,11,2003
114,114,11/14/2003 0:00,4,11,2003
115,115,11/26/2003 0:00,4,11,2003
116,116,1/9/2004 0:00,1,1,2004
117,117,2/19/2004 0:00,1,2,2004
118,118,5/7/2004 0:00,2,5,2004
119,119,6/17/2004 0:00,2,6,2004
120,120,7/21/2004 0:00,3,7,2004
121,121,8/20/2004 0:00,3,8,2004
122,122,9/10/2004 0:00,3,9,2004
123,123,10/14/2004 0:00,4,10,2004
124,124,11/1/2004 0:00,4,11,2004
125,125,11/5/2004 0:00,4,11,2004
126,126,11/21/2004 0:00,4,11,2004
127,127,12/2/2004 0:00,4,12,2004
128,128,12/15/2004 0:00,4,12,2004
129,129,1/31/2005 0:00,1,1,2005
130,130,2/23/2005 0:00,1,2,2005
131,131,3/17/2005 0:00,1,3,2005
132,132,4/1/2005 0:00,2,4,2005
133,133,5/6/2005 0:00,2,5,2005
134,134,1/29/2003 0:00,1,1,2003
135,135,4/1/2003 0:00,2,4,2003
136,136,5/28/2003 0:00,2,5,2003
137,137,7/24/2003 0:00,3,7,2003
138,138,9/19/2003 0:00,3,9,2003
139,139,10/21/2003 0:00,4,10,2003
140,140,11/6/2003 0:00,4,11,2003
141,141,11/13/2003 0:00,4,11,2003
142,142,11/25/2003 0:00,4,11,2003
143,143,12/9/2003 0:00,4,12,2003
144,144,2/4/2004 0:00,1,2,2004
145,145,3/11/2004 0:00,1,3,2004
146,146,5/4/2004 0:00,2,5,2004
147,147,6/15/2004 0:00,2,6,2004
148,148,7/19/2004 0:00,3,7,2004
149,149,8/19/2004 0:00,3,8,2004
150,150,9/8/2004 0:00,3,9,2004
151,151,10/13/2004 0:00,4,10,2004
152,152,10/22/2004 0:00,4,10,2004
153,153,11/4/2004 0:00,4,11,2004
154,154,11/19/2004 0:00,4,11,2004
155,155,11/29/2004 0:00,4,11,2004
156,156,12/10/2004 0:00,4,12,2004
157,157,1/20/2005 0:00,1,1,2005
158,158,2/17/2005 0:00,1,2,2005
159,159,3/9/2005 0:00,1,3,2005
160,160,5/1/2005 0:00,2,5,2005
161,161,5/31/2005 0:00,2,5,2005
162,162,3/3/2003 0:00,1,3,2003
163,163,5/8/2003 0:00,2,5,2003
164,164,7/2/2003 0:00,3,7,2003
165,165,9/5/2003 0:00,3,9,2003
166,166,10/10/2003 0:00,4,10,2003
167,167,11/4/2003 0:00,4,11,2003
168,168,11/12/2003 0:00,4,11,2003
169,169,11/20/2003 0:00,4,11,2003
170,170,12/2/2003 0:00,4,12,2003
171,171,1/15/2004 0:00,1,1,2004
172,172,2/22/2004 0:00,1,2,2004
173,173,4/9/2004 0:00,2,4,2004
174,174,6/1/2004 0:00,2,6,2004
175,175,7/6/2004 0:00,3,7,2004
176,176,8/2/2004 0:00,3,8,2004
177,177,8/30/2004 0:00,3,8,2004
178,178,10/4/2003 0:00,4,10,2003
179,179,10/16/2004 0:00,4,10,2004
180,180,11/3/2004 0:00,4,11,2004
181,181,11/15/2004 0:00,4,11,2004
182,182,11/24/2004 0:00,4,11,2004
183,183,1/6/2005 0:00,1,1,2005
184,184,2/3/2005 0:00,1,2,2005
185,185,3/3/2005 0:00,1,3,2005
186,186,5/17/2005 0:00,2,5,2005
187,187,2/11/2003 0:00,1,2,2003
188,188,4/16/2003 0:00,2,4,2003
189,189,6/3/2003 0:00,2,6,2003
190,190,8/8/2003 0:00,3,8,2003
191,191,9/28/2003 0:00,3,9,2003
192,192,10/22/2003 0:00,4,10,2003
193,193,11/6/2003 0:00,4,11,2003
194,194,11/14/2003 0:00,4,11,2003
195,195,11/26/2003 0:00,4,11,2003
196,196,1/2/2004 0:00,1,1,2004
197,197,2/12/2004 0:00,1,2,2004
198,198,3/19/2004 0:00,1,3,2004
199,199,5/5/2004 0:00,2,5,2004
200,200,7/20/2004 0:00,3,7,2004
201,201,8/20/2004 0:00,3,8,2004
202,202,9/9/2004 0:00,3,9,2004
203,203,10/14/2004 0:00,4,10,2004
204,204,10/22/2004 0:00,4,10,2004
205,205,11/5/2004 0:00,4,11,2004
206,206,11/20/2004 0:00,4,11,2004
207,207,11/1/2004 0:00,4,11,2004
208,208,12/15/2004 0:00,4,12,2004
209,209,1/23/2005 0:00,1,1,2005
210,210,2/17/2005 0:00,1,2,2005
211,211,3/17/2005 0:00,1,3,2005
212,212,5/5/2005 0:00,2,5,2005
213,213,1/29/2003 0:00,1,1,2003
214,214,3/26/2003 0:00,1,3,2003
215,215,5/28/2003 0:00,2,5,2003
216,216,7/24/2003 0:00,3,7,2003
217,217,9/19/2003 0:00,3,9,2003
218,218,10/21/2003 0:00,4,10,2003
219,219,11/6/2003 0:00,4,11,2003
220,220,11/13/2003 0:00,4,11,2003
221,221,11/25/2003 0:00,4,11,2003
222,222,12/5/2003 0:00,4,12,2003
223,223,2/2/2004 0:00,1,2,2004
224,224,3/11/2004 0:00,1,3,2004
225,225,5/4/2004 0:00,2,5,2004
226,226,6/15/2004 0:00,2,6,2004
227,227,7/19/2004 0:00,3,7,2004
228,228,8/19/2004 0:00,3,8,2004
229,229,9/8/2004 0:00,3,9,2004
230,230,10/11/2004 0:00,4,10,2004
231,231,10/22/2004 0:00,4,10,2004
232,232,11/4/2004 0:00,4,11,2004
233,233,11/18/2004 0:00,4,11,2004
234,234,11/29/2004 0:00,4,11,2004
235,235,12/10/2004 0:00,4,12,2004
236,236,1/20/2005 0:00,1,1,2005
237,237,2/17/2005 0:00,1,2,2005
238,238,3/9/2005 0:00,1,3,2005
239,239,5/1/2005 0:00,2,5,2005
240,240,5/31/2005 0:00,2,5,2005
241,241,2/24/2003 0:00,1,2,2003
242,242,5/7/2003 0:00,2,5,2003
243,243,7/1/2003 0:00,3,7,2003
244,244,8/25/2003 0:00,3,8,2003
245,245,10/10/2003 0:00,4,10,2003
246,246,11/4/2003 0:00,4,11,2003
247,247,11/11/2003 0:00,4,11,2003
248,248,11/18/2003 0:00,4,11,2003
249,249,12/1/2003 0:00,4,12,2003
250,250,1/15/2004 0:00,1,1,2004
251,251,2/21/2004 0:00,1,2,2004
252,252,4/5/2004 0:00,2,4,2004
253,253,5/18/2004 0:00,2,5,2004
254,254,6/28/2004 0:00,2,6,2004
255,255,8/2/2004 0:00,3,8,2004
256,256,8/27/2004 0:00,3,8,2004
257,257,9/30/2004 0:00,3,9,2004
258,258,10/15/2004 0:00,4,10,2004
259,259,11/3/2004 0:00,4,11,2004
260,260,11/15/2004 0:00,4,11,2004
261,261,11/24/2004 0:00,4,11,2004
262,262,1/5/2005 0:00,1,1,2005
263,263,2/3/2005 0:00,1,2,2005
264,264,3/3/2005 0:00,1,3,2005
265,265,4/8/2005 0:00,2,4,2005
266,266,5/13/2005 0:00,2,5,2005
267,267,1/31/2003 0:00,1,1,2003
268,268,4/16/2003 0:00,2,4,2003
269,269,6/3/2003 0:00,2,6,2003
270,270,8/8/2003 0:00,3,8,2003
271,271,9/28/2003 0:00,3,9,2003
272,272,10/22/2003 0:00,4,10,2003
273,273,11/6/2003 0:00,4,11,2003
274,274,11/14/2003 0:00,4,11,2003
275,275,11/26/2003 0:00,4,11,2003
276,276,1/2/2004 0:00,1,1,2004
277,277,2/12/2004 0:00,1,2,2004
278,278,3/15/2004 0:00,1,3,2004
279,279,5/5/2004 0:00,2,5,2004
280,280,7/20/2004 0:00,3,7,2004
281,281,8/20/2004 0:00,3,8,2004
282,282,9/9/2004 0:00,3,9,2004
283,283,10/14/2004 0:00,4,10,2004
284,284,10/22/2004 0:00,4,10,2004
285,285,11/5/2004 0:00,4,11,2004
286,286,11/20/2004 0:00,4,11,2004
287,287,11/1/2004 0:00,4,11,2004
288,288,12/10/2004 0:00,4,12,2004
289,289,1/26/2005 0:00,1,1,2005
290,290,2/17/2005 0:00,1,2,2005
291,291,5/5/2005 0:00,2,5,2005
292,292,3/3/2003 0:00,1,3,2003
293,293,5/8/2003 0:00,2,5,2003
294,294,7/2/2003 0:00,3,7,2003
295,295,9/5/2003 0:00,3,9,2003
296,296,10/11/2003 0:00,4,10,2003
297,297,11/4/2003 0:00,4,11,2003
298,298,11/12/2003 0:00,4,11,2003
299,299,11/20/2003 0:00,4,11,2003
300,300,12/2/2003 0:00,4,12,2003
301,301,1/16/2004 0:00,1,1,2004
302,302,2/22/2004 0:00,1,2,2004
303,303,4/9/2004 0:00,2,4,2004
304,304,6/1/2004 0:00,2,6,2004
305,305,7/6/2004 0:00,3,7,2004
306,306,8/2/2004 0:00,3,8,2004
307,307,8/30/2004 0:00,3,8,2004
308,308,10/4/2003 0:00,4,10,2003
309,309,10/16/2004 0:00,4,10,2004
310,310,11/3/2004 0:00,4,11,2004
311,311,11/15/2004 0:00,4,11,2004
312,312,11/24/2004 0:00,4,11,2004
313,313,1/6/2005 0:00,1,1,2005
314,314,2/8/2005 0:00,1,2,2005
315,315,3/3/2005 0:00,1,3,2005
316,316,5/17/2005 0:00,2,5,2005
317,317,2/11/2003 0:00,1,2,2003
318,318,4/16/2003 0:00,2,4,2003
319,319,6/3/2003 0:00,2,6,2003
320,320,8/8/2003 0:00,3,8,2003
321,321,9/28/2003 0:00,3,9,2003
322,322,10/22/2003 0:00,4,10,2003
323,323,11/6/2003 0:00,4,11,2003
324,324,11/14/2003 0:00,4,11,2003
325,325,11/26/2003 0:00,4,11,2003
326,326,1/2/2004 0:00,1,1,2004
327,327,2/12/2004 0:00,1,2,2004
328,328,3/19/2004 0:00,1,3,2004
329,329,5/5/2004 0:00,2,5,2004
330,330,7/20/2004 0:00,3,7,2004
331,331,8/20/2004 0:00,3,8,2004
332,332,9/9/2004 0:00,3,9,2004
333,333,10/14/2004 0:00,4,10,2004
334,334,10/22/2004 0:00,4,10,2004
335,335,11/5/2004 0:00,4,11,2004
336,336,11/20/2004 0:00,4,11,2004
337,337,12/1/2004 0:00,4,12,2004
338,338,12/15/2004 0:00,4,12,2004
339,339,1/26/2005 0:00,1,1,2005
340,340,2/17/2005 0:00,1,2,2005
341,341,3/23/2005 0:00,1,3,2005
342,342,5/5/2005 0:00,2,5,2005
343,343,3/3/2003 0:00,1,3,2003
344,344,5/8/2003 0:00,2,5,2003
345,345,7/2/2003 0:00,3,7,2003
346,346,9/5/2003 0:00,3,9,2003
347,347,10/10/2003 0:00,4,10,2003
348,348,11/4/2003 0:00,4,11,2003
349,349,11/12/2003 0:00,4,11,2003
350,350,11/20/2003 0:00,4,11,2003
351,351,12/2/2003 0:00,4,12,2003
352,352,1/15/2004 0:00,1,1,2004
353,353,2/22/2004 0:00,1,2,2004
354,354,4/9/2004 0:00,2,4,2004
355,355,6/1/2004 0:00,2,6,2004
356,356,7/6/2004 0:00,3,7,2004
357,357,8/2/2004 0:00,3,8,2004
358,358,8/30/2004 0:00,3,8,2004
359,359,10/4/2003 0:00,4,10,2003
360,360,10/16/2004 0:00,4,10,2004
361,361,11/3/2004 0:00,4,11,2004
362,362,11/15/2004 0:00,4,11,2004
363,363,11/24/2004 0:00,4,11,2004
364,364,1/6/2005 0:00,1,1,2005
365,365,2/9/2005 0:00,1,2,2005
366,366,3/3/2005 0:00,1,3,2005
367,367,5/17/2005 0:00,2,5,2005
368,368,1/31/2003 0:00,1,1,2003
369,369,4/4/2003 0:00,2,4,2003
370,370,6/3/2003 0:00,2,6,2003
371,371,8/1/2003 0:00,3,8,2003
372,372,9/21/2003 0:00,3,9,2003
373,373,10/22/2003 0:00,4,10,2003
374,374,11/6/2003 0:00,4,11,2003
375,375,11/14/2003 0:00,4,11,2003
376,376,11/25/2003 0:00,4,11,2003
377,377,12/9/2003 0:00,4,12,2003
378,378,2/10/2004 0:00,1,2,2004
379,379,3/11/2004 0:00,1,3,2004
380,380,5/5/2004 0:00,2,5,2004
381,381,6/15/2004 0:00,2,6,2004
382,382,7/20/2004 0:00,3,7,2004
383,383,8/19/2004 0:00,3,8,2004
384,384,9/8/2004 0:00,3,9,2004
385,385,10/13/2004 0:00,4,10,2004
386,386,10/22/2004 0:00,4,10,2004
387,387,11/5/2004 0:00,4,11,2004
388,388,11/20/2004 0:00,4,11,2004
389,389,12/1/2004 0:00,4,12,2004
390,390,12/10/2004 0:00,4,12,2004
391,391,1/23/2005 0:00,1,1,2005
392,392,2/17/2005 0:00,1,2,2005
393,393,5/3/2005 0:00,2,5,2005
394,394,5/31/2005 0:00,2,5,2005
395,395,3/3/2003 0:00,1,3,2003
396,396,5/8/2003 0:00,2,5,2003
397,397,7/2/2003 0:00,3,7,2003
398,398,9/5/2003 0:00,3,9,2003
399,399,10/11/2003 0:00,4,10,2003
400,400,11/4/2003 0:00,4,11,2003
401,401,11/12/2003 0:00,4,11,2003
402,402,11/20/2003 0:00,4,11,2003
403,403,12/2/2003 0:00,4,12,2003
404,404,1/16/2004 0:00,1,1,2004
405,405,2/22/2004 0:00,1,2,2004
406,406,4/12/2004 0:00,2,4,2004
407,407,6/1/2004 0:00,2,6,2004
408,408,7/6/2004 0:00,3,7,2004
409,409,8/4/2004 0:00,3,8,2004
410,410,8/30/2004 0:00,3,8,2004
411,411,10/4/2003 0:00,4,10,2003
412,412,10/16/2004 0:00,4,10,2004
413,413,11/4/2004 0:00,4,11,2004
414,414,11/15/2004 0:00,4,11,2004
415,415,11/24/2004 0:00,4,11,2004
416,416,1/6/2005 0:00,1,1,2005
417,417,2/9/2005 0:00,1,2,2005
418,418,3/3/2005 0:00,1,3,2005
419,419,4/14/2005 0:00,2,4,2005
420,420,5/17/2005 0:00,2,5,2005
421,421,1/29/2003 0:00,1,1,2003
422,422,3/26/2003 0:00,1,3,2003
423,423,5/28/2003 0:00,2,5,2003
424,424,7/24/2003 0:00,3,7,2003
425,425,9/19/2003 0:00,3,9,2003
426,426,10/21/2003 0:00,4,10,2003
427,427,11/6/2003 0:00,4,11,2003
428,428,11/13/2003 0:00,4,11,2003
429,429,11/25/2003 0:00,4,11,2003
430,430,12/5/2003 0:00,4,12,2003
431,431,1/29/2004 0:00,1,1,2004
432,432,3/10/2004 0:00,1,3,2004
433,433,5/4/2004 0:00,2,5,2004
434,434,6/15/2004 0:00,2,6,2004
435,435,7/19/2004 0:00,3,7,2004
436,436,8/17/2004 0:00,3,8,2004
437,437,9/8/2004 0:00,3,9,2004
438,438,10/11/2004 0:00,4,10,2004
439,439,10/21/2004 0:00,4,10,2004
440,440,11/4/2004 0:00,4,11,2004
441,441,11/18/2004 0:00,4,11,2004
442,442,11/29/2004 0:00,4,11,2004
443,443,12/10/2004 0:00,4,12,2004
444,444,1/20/2005 0:00,1,1,2005
445,445,2/17/2005 0:00,1,2,2005
446,446,3/9/2005 0:00,1,3,2005
447,447,5/1/2005 0:00,2,5,2005
448,448,5/31/2005 0:00,2,5,2005
449,449,3/10/2003 0:00,1,3,2003
450,450,5/8/2003 0:00,2,5,2003
451,451,7/4/2003 0:00,3,7,2003
452,452,9/11/2003 0:00,3,9,2003
453,453,10/17/2003 0:00,4,10,2003
454,454,11/5/2003 0:00,4,11,2003
455,455,11/12/2003 0:00,4,11,2003
456,456,11/20/2003 0:00,4,11,2003
457,457,12/2/2003 0:00,4,12,2003
458,458,1/16/2004 0:00,1,1,2004
459,459,2/22/2004 0:00,1,2,2004
460,460,4/13/2004 0:00,2,4,2004
461,461,6/1/2004 0:00,2,6,2004
462,462,7/6/2004 0:00,3,7,2004
463,463,8/6/2004 0:00,3,8,2004
464,464,8/30/2004 0:00,3,8,2004
465,465,10/5/2003 0:00,4,10,2003
466,466,10/16/2004 0:00,4,10,2004
467,467,11/4/2004 0:00,4,11,2004
468,468,11/17/2004 0:00,4,11,2004
469,469,11/24/2004 0:00,4,11,2004
470,470,12/9/2004 0:00,4,12,2004
471,471,1/7/2005 0:00,1,1,2005
472,472,2/9/2005 0:00,1,2,2005
473,473,3/4/2005 0:00,1,3,2005
474,474,4/15/2005 0:00,2,4,2005
475,475,5/17/2005 0:00,2,5,2005
476,476,1/10/2003 0:00,1,1,2003
477,477,3/25/2003 0:00,1,3,2003
478,478,5/21/2003 0:00,2,5,2003
479,479,7/16/2003 0:00,3,7,2003
480,480,9/12/2003 0:00,3,9,2003
481,481,10/18/2003 0:00,4,10,2003
482,482,11/5/2003 0:00,4,11,2003
483,483,11/12/2003 0:00,4,11,2003
484,484,11/21/2003 0:00,4,11,2003
485,485,12/3/2003 0:00,4,12,2003
486,486,1/29/2004 0:00,1,1,2004
487,487,3/2/2004 0:00,1,3,2004
488,488,4/29/2004 0:00,2,4,2004
489,489,6/8/2004 0:00,2,6,2004
490,490,8/17/2004 0:00,3,8,2004
491,491,9/3/2004 0:00,3,9,2004
492,492,10/11/2004 0:00,4,10,2004
493,493,10/21/2004 0:00,4,10,2004
494,494,11/4/2004 0:00,4,11,2004
495,495,11/17/2004 0:00,4,11,2004
496,496,11/29/2004 0:00,4,11,2004
497,497,12/9/2004 0:00,4,12,2004
498,498,1/20/2005 0:00,1,1,2005
499,499,2/16/2005 0:00,1,2,2005
500,500,3/9/2005 0:00,1,3,2005
501,501,5/30/2005 0:00,2,5,2005
502,502,1/10/2003 0:00,1,1,2003
503,503,3/25/2003 0:00,1,3,2003
504,504,5/28/2003 0:00,2,5,2003
505,505,7/16/2003 0:00,3,7,2003
506,506,9/12/2003 0:00,3,9,2003
507,507,10/18/2003 0:00,4,10,2003
508,508,11/5/2003 0:00,4,11,2003
509,509,11/12/2003 0:00,4,11,2003
510,510,11/21/2003 0:00,4,11,2003
511,511,12/3/2003 0:00,4,12,2003
512,512,1/29/2004 0:00,1,1,2004
513,513,3/2/2004 0:00,1,3,2004
514,514,4/29/2004 0:00,2,4,2004
515,515,6/8/2004 0:00,2,6,2004
516,516,8/17/2004 0:00,3,8,2004
517,517,9/3/2004 0:00,3,9,2004
518,518,10/11/2004 0:00,4,10,2004
519,519,10/21/2004 0:00,4,10,2004
520,520,11/4/2004 0:00,4,11,2004
521,521,11/17/2004 0:00,4,11,2004
522,522,11/29/2004 0:00,4,11,2004
523,523,12/9/2004 0:00,4,12,2004
524,524,1/20/2005 0:00,1,1,2005
525,525,2/17/2005 0:00,1,2,2005
526,526,3/9/2005 0:00,1,3,2005
527,527,5/30/2005 0:00,2,5,2005
528,528,3/18/2003 0:00,1,3,2003
529,529,5/20/2003 0:00,2,5,2003
530,530,7/10/2003 0:00,3,7,2003
531,531,9/11/2003 0:00,3,9,2003
532,532,10/17/2003 0:00,4,10,2003
533,533,11/5/2003 0:00,4,11,2003
534,534,11/12/2003 0:00,4,11,2003
535,535,11/20/2003 0:00,4,11,2003
536,536,12/2/2003 0:00,4,12,2003
537,537,1/16/2004 0:00,1,1,2004
538,538,2/26/2004 0:00,1,2,2004
539,539,4/13/2004 0:00,2,4,2004
540,540,6/1/2004 0:00,2,6,2004
541,541,7/6/2004 0:00,3,7,2004
542,542,8/6/2004 0:00,3,8,2004
543,543,9/1/2004 0:00,3,9,2004
544,544,10/5/2003 0:00,4,10,2003
545,545,10/16/2004 0:00,4,10,2004
546,546,11/4/2004 0:00,4,11,2004
547,547,11/17/2004 0:00,4,11,2004
548,548,11/24/2004 0:00,4,11,2004
549,549,1/12/2005 0:00,1,1,2005
550,550,2/10/2005 0:00,1,2,2005
551,551,4/22/2005 0:00,2,4,2005
552,552,5/17/2005 0:00,2,5,2005
553,553,2/17/2003 0:00,1,2,2003
554,554,4/28/2003 0:00,2,4,2003
555,555,6/16/2003 0:00,2,6,2003
556,556,8/10/2003 0:00,3,8,2003
557,557,10/6/2003 0:00,4,10,2003
558,558,10/23/2003 0:00,4,10,2003
559,559,11/8/2003 0:00,4,11,2003
560,560,11/14/2003 0:00,4,11,2003
561,561,11/27/2003 0:00,4,11,2003
562,562,1/12/2004 0:00,1,1,2004
563,563,2/19/2004 0:00,1,2,2004
564,564,5/11/2004 0:00,2,5,2004
565,565,6/24/2004 0:00,2,6,2004
566,566,7/21/2004 0:00,3,7,2004
567,567,8/21/2004 0:00,3,8,2004
568,568,9/15/2004 0:00,3,9,2004
569,569,10/14/2004 0:00,4,10,2004
570,570,11/1/2004 0:00,4,11,2004
571,571,11/10/2004 0:00,4,11,2004
572,572,11/22/2004 0:00,4,11,2004
573,573,12/3/2004 0:00,4,12,2004
574,574,1/31/2005 0:00,1,1,2005
575,575,3/1/2005 0:00,1,3,2005
576,576,3/30/2005 0:00,1,3,2005
577,577,4/1/2005 0:00,2,4,2005
578,578,5/10/2005 0:00,2,5,2005
579,579,1/6/2003 0:00,1,1,2003
580,580,3/18/2003 0:00,1,3,2003
581,581,5/21/2003 0:00,2,5,2003
582,582,9/12/2003 0:00,3,9,2003
583,583,10/18/2003 0:00,4,10,2003
584,584,11/5/2003 0:00,4,11,2003
585,585,11/12/2003 0:00,4,11,2003
586,586,11/21/2003 0:00,4,11,2003
587,587,12/2/2003 0:00,4,12,2003
588,588,1/26/2004 0:00,1,1,2004
589,589,3/2/2004 0:00,1,3,2004
590,590,4/13/2004 0:00,2,4,2004
591,591,8/17/2004 0:00,3,8,2004
592,592,9/1/2004 0:00,3,9,2004
593,593,10/6/2003 0:00,4,10,2003
594,594,10/21/2004 0:00,4,10,2004
595,595,11/17/2004 0:00,4,11,2004
596,596,11/25/2004 0:00,4,11,2004
597,597,1/12/2005 0:00,1,1,2005
598,598,2/10/2005 0:00,1,2,2005
599,599,4/22/2005 0:00,2,4,2005
600,600,5/29/2005 0:00,2,5,2005
601,601,3/3/2003 0:00,1,3,2003
602,602,5/8/2003 0:00,2,5,2003
603,603,7/2/2003 0:00,3,7,2003
604,604,9/5/2003 0:00,3,9,2003
605,605,10/11/2003 0:00,4,10,2003
606,606,11/4/2003 0:00,4,11,2003
607,607,11/12/2003 0:00,4,11,2003
608,608,11/20/2003 0:00,4,11,2003
609,609,12/2/2003 0:00,4,12,2003
610,610,1/16/2004 0:00,1,1,2004
611,611,2/22/2004 0:00,1,2,2004
612,612,4/12/2004 0:00,2,4,2004
613,613,6/1/2004 0:00,2,6,2004
614,614,7/6/2004 0:00,3,7,2004
615,615,8/6/2004 0:00,3,8,2004
616,616,8/30/2004 0:00,3,8,2004
617,617,10/4/2003 0:00,4,10,2003
618,618,10/16/2004 0:00,4,10,2004
619,619,11/4/2004 0:00,4,11,2004
620,620,11/15/2004 0:00,4,11,2004
621,621,11/24/2004 0:00,4,11,2004
622,622,1/6/2005 0:00,1,1,2005
623,623,2/9/2005 0:00,1,2,2005
624,624,3/3/2005 0:00,1,3,2005
625,625,4/14/2005 0:00,2,4,2005
626,626,5/17/2005 0:00,2,5,2005
627,627,3/10/2003 0:00,1,3,2003
628,628,5/8/2003 0:00,2,5,2003
629,629,7/4/2003 0:00,3,7,2003
630,630,9/11/2003 0:00,3,9,2003
631,631,10/17/2003 0:00,4,10,2003
632,632,11/5/2003 0:00,4,11,2003
633,633,11/12/2003 0:00,4,11,2003
634,634,11/20/2003 0:00,4,11,2003
635,635,12/2/2003 0:00,4,12,2003
636,636,1/16/2004 0:00,1,1,2004
637,637,2/26/2004 0:00,1,2,2004
638,638,4/13/2004 0:00,2,4,2004
639,639,6/1/2004 0:00,2,6,2004
640,640,7/6/2004 0:00,3,7,2004
641,641,8/6/2004 0:00,3,8,2004
642,642,8/30/2004 0:00,3,8,2004
643,643,10/5/2003 0:00,4,10,2003
644,644,10/16/2004 0:00,4,10,2004
645,645,11/4/2004 0:00,4,11,2004
646,646,11/17/2004 0:00,4,11,2004
647,647,11/24/2004 0:00,4,11,2004
648,648,12/9/2004 0:00,4,12,2004
649,649,1/10/2005 0:00,1,1,2005
650,650,2/9/2005 0:00,1,2,2005
651,651,3/4/2005 0:00,1,3,2005
652,652,4/15/2005 0:00,2,4,2005
653,653,5/17/2005 0:00,2,5,2005
654,654,1/31/2003 0:00,1,1,2003
655,655,4/4/2003 0:00,2,4,2003
656,656,6/3/2003 0:00,2,6,2003
657,657,8/1/2003 0:00,3,8,2003
658,658,9/21/2003 0:00,3,9,2003
659,659,10/22/2003 0:00,4,10,2003
660,660,11/6/2003 0:00,4,11,2003
661,661,11/14/2003 0:00,4,11,2003
662,662,11/25/2003 0:00,4,11,2003
663,663,12/9/2003 0:00,4,12,2003
664,664,2/10/2004 0:00,1,2,2004
665,665,3/15/2004 0:00,1,3,2004
666,666,5/5/2004 0:00,2,5,2004
667,667,6/15/2004 0:00,2,6,2004
668,668,7/20/2004 0:00,3,7,2004
669,669,8/20/2004 0:00,3,8,2004
670,670,9/8/2004 0:00,3,9,2004
671,671,10/13/2004 0:00,4,10,2004
672,672,10/22/2004 0:00,4,10,2004
673,673,11/5/2004 0:00,4,11,2004
674,674,11/20/2004 0:00,4,11,2004
675,675,12/1/2004 0:00,4,12,2004
676,676,12/10/2004 0:00,4,12,2004
677,677,1/23/2005 0:00,1,1,2005
678,678,2/17/2005 0:00,1,2,2005
679,679,5/3/2005 0:00,2,5,2005
680,680,5/31/2005 0:00,2,5,2005
681,681,1/6/2003 0:00,1,1,2003
682,682,3/18/2003 0:00,1,3,2003
683,683,5/21/2003 0:00,2,5,2003
684,684,9/12/2003 0:00,3,9,2003
685,685,10/18/2003 0:00,4,10,2003
686,686,11/5/2003 0:00,4,11,2003
687,687,11/12/2003 0:00,4,11,2003
688,688,11/21/2003 0:00,4,11,2003
689,689,12/2/2003 0:00,4,12,2003
690,690,1/26/2004 0:00,1,1,2004
691,691,3/2/2004 0:00,1,3,2004
692,692,4/13/2004 0:00,2,4,2004
693,693,8/17/2004 0:00,3,8,2004
694,694,9/1/2004 0:00,3,9,2004
695,695,10/6/2004 0:00,4,10,2004
696,696,10/21/2004 0:00,4,10,2004
697,697,11/17/2004 0:00,4,11,2004
698,698,11/25/2004 0:00,4,11,2004
699,699,1/12/2005 0:00,1,1,2005
700,700,2/10/2005 0:00,1,2,2005
701,701,4/22/2005 0:00,2,4,2005
702,702,5/29/2005 0:00,2,5,2005
703,703,1/31/2003 0:00,1,1,2003
704,704,4/1/2003 0:00,2,4,2003
705,705,6/3/2003 0:00,2,6,2003
706,706,8/1/2003 0:00,3,8,2003
707,707,9/21/2003 0:00,3,9,2003
708,708,10/22/2003 0:00,4,10,2003
709,709,11/6/2003 0:00,4,11,2003
710,710,11/14/2003 0:00,4,11,2003
711,711,11/25/2003 0:00,4,11,2003
712,712,12/9/2003 0:00,4,12,2003
713,713,3/11/2004 0:00,1,3,2004
714,714,5/5/2004 0:00,2,5,2004
715,715,6/15/2004 0:00,2,6,2004
716,716,7/20/2004 0:00,3,7,2004
717,717,8/19/2004 0:00,3,8,2004
718,718,9/8/2004 0:00,3,9,2004
719,719,10/13/2004 0:00,4,10,2004
720,720,10/22/2004 0:00,4,10,2004
721,721,11/5/2004 0:00,4,11,2004
722,722,11/19/2004 0:00,4,11,2004
723,723,12/1/2004 0:00,4,12,2004
724,724,12/10/2004 0:00,4,12,2004
725,725,1/20/2005 0:00,1,1,2005
726,726,2/22/2005 0:00,1,2,2005
727,727,5/3/2005 0:00,2,5,2005
728,728,5/31/2005 0:00,2,5,2005
729,729,1/9/2003 0:00,1,1,2003
730,730,3/18/2003 0:00,1,3,2003
731,731,5/21/2003 0:00,2,5,2003
732,732,9/12/2003 0:00,3,9,2003
733,733,10/18/2003 0:00,4,10,2003
734,734,11/5/2003 0:00,4,11,2003
735,735,11/12/2003 0:00,4,11,2003
736,736,11/21/2003 0:00,4,11,2003
737,737,12/2/2003 0:00,4,12,2003
738,738,1/26/2004 0:00,1,1,2004
739,739,3/2/2004 0:00,1,3,2004
740,740,4/26/2004 0:00,2,4,2004
741,741,8/17/2004 0:00,3,8,2004
742,742,9/1/2004 0:00,3,9,2004
743,743,10/11/2004 0:00,4,10,2004
744,744,10/21/2004 0:00,4,10,2004
745,745,11/4/2004 0:00,4,11,2004
746,746,11/17/2004 0:00,4,11,2004
747,747,11/25/2004 0:00,4,11,2004
748,748,12/9/2004 0:00,4,12,2004
749,749,1/12/2005 0:00,1,1,2005
750,750,2/16/2005 0:00,1,2,2005
751,751,3/4/2005 0:00,1,3,2005
752,752,4/23/2005 0:00,2,4,2005
753,753,5/29/2005 0:00,2,5,2005
754,754,1/29/2003 0:00,1,1,2003
755,755,4/1/2003 0:00,2,4,2003
756,756,5/28/2003 0:00,2,5,2003
757,757,7/24/2003 0:00,3,7,2003
758,758,9/21/2003 0:00,3,9,2003
759,759,10/22/2003 0:00,4,10,2003
760,760,11/6/2003 0:00,4,11,2003
761,761,11/14/2003 0:00,4,11,2003
762,762,11/25/2003 0:00,4,11,2003
763,763,12/9/2003 0:00,4,12,2003
764,764,2/4/2004 0:00,1,2,2004
765,765,3/11/2004 0:00,1,3,2004
766,766,5/5/2004 0:00,2,5,2004
767,767,6/15/2004 0:00,2,6,2004
768,768,7/20/2004 0:00,3,7,2004
769,769,8/19/2004 0:00,3,8,2004
770,770,9/8/2004 0:00,3,9,2004
771,771,10/13/2004 0:00,4,10,2004
772,772,10/22/2004 0:00,4,10,2004
773,773,11/4/2004 0:00,4,11,2004
774,774,11/19/2004 0:00,4,11,2004
775,775,11/29/2004 0:00,4,11,2004
776,776,12/10/2004 0:00,4,12,2004
777,777,1/20/2005 0:00,1,1,2005
778,778,2/17/2005 0:00,1,2,2005
779,779,3/9/2005 0:00,1,3,2005
780,780,5/3/2005 0:00,2,5,2005
781,781,5/31/2005 0:00,2,5,2005
782,782,2/17/2003 0:00,1,2,2003
783,783,4/29/2003 0:00,2,4,2003
784,784,6/27/2003 0:00,2,6,2003
785,785,8/25/2003 0:00,3,8,2003
786,786,10/28/2003 0:00,4,10,2003
787,787,1/12/2004 0:00,1,1,2004
788,788,2/20/2004 0:00,1,2,2004
789,789,4/2/2004 0:00,2,4,2004
790,790,5/11/2004 0:00,2,5,2004
791,791,6/28/2004 0:00,2,6,2004
792,792,7/23/2004 0:00,3,7,2004
793,793,8/21/2004 0:00,3,8,2004
794,794,9/16/2004 0:00,3,9,2004
795,795,10/15/2004 0:00,4,10,2004
796,796,11/2/2004 0:00,4,11,2004
797,797,11/10/2004 0:00,4,11,2004
798,798,11/23/2004 0:00,4,11,2004
799,799,12/4/2004 0:00,4,12,2004
800,800,2/2/2005 0:00,1,2,2005
801,801,3/1/2005 0:00,1,3,2005
802,802,3/30/2005 0:00,1,3,2005
803,803,4/3/2005 0:00,2,4,2005
804,804,5/10/2005 0:00,2,5,2005
805,805,2/24/2003 0:00,1,2,2003
806,806,4/29/2003 0:00,2,4,2003
807,807,7/1/2003 0:00,3,7,2003
808,808,8/25/2003 0:00,3,8,2003
809,809,10/10/2003 0:00,4,10,2003
810,810,10/28/2003 0:00,4,10,2003
811,811,11/11/2003 0:00,4,11,2003
812,812,11/18/2003 0:00,4,11,2003
813,813,12/1/2003 0:00,4,12,2003
814,814,1/12/2004 0:00,1,1,2004
815,815,2/20/2004 0:00,1,2,2004
816,816,4/3/2004 0:00,2,4,2004
817,817,5/18/2004 0:00,2,5,2004
818,818,6/28/2004 0:00,2,6,2004
819,819,7/23/2004 0:00,3,7,2004
820,820,8/27/2004 0:00,3,8,2004
821,821,9/27/2004 0:00,3,9,2004
822,822,10/15/2004 0:00,4,10,2004
823,823,11/2/2004 0:00,4,11,2004
824,824,11/15/2004 0:00,4,11,2004
825,825,11/23/2004 0:00,4,11,2004
826,826,1/5/2005 0:00,1,1,2005
827,827,2/2/2005 0:00,1,2,2005
828,828,3/3/2005 0:00,1,3,2005
829,829,4/7/2005 0:00,2,4,2005
830,830,5/13/2005 0:00,2,5,2005
831,831,1/9/2003 0:00,1,1,2003
832,832,3/18/2003 0:00,1,3,2003
833,833,5/21/2003 0:00,2,5,2003
834,834,7/16/2003 0:00,3,7,2003
835,835,9/12/2003 0:00,3,9,2003
836,836,10/18/2003 0:00,4,10,2003
837,837,11/5/2003 0:00,4,11,2003
838,838,11/12/2003 0:00,4,11,2003
839,839,11/21/2003 0:00,4,11,2003
840,840,12/3/2003 0:00,4,12,2003
841,841,1/26/2004 0:00,1,1,2004
842,842,3/2/2004 0:00,1,3,2004
843,843,4/29/2004 0:00,2,4,2004
844,844,6/4/2004 0:00,2,6,2004
845,845,8/17/2004 0:00,3,8,2004
846,846,9/3/2004 0:00,3,9,2004
847,847,10/11/2004 0:00,4,10,2004
848,848,10/21/2004 0:00,4,10,2004
849,849,11/4/2004 0:00,4,11,2004
850,850,11/17/2004 0:00,4,11,2004
851,851,11/29/2004 0:00,4,11,2004
852,852,12/9/2004 0:00,4,12,2004
853,853,1/12/2005 0:00,1,1,2005
854,854,2/16/2005 0:00,1,2,2005
855,855,3/4/2005 0:00,1,3,2005
856,856,5/29/2005 0:00,2,5,2005
857,857,3/10/2003 0:00,1,3,2003
858,858,5/20/2003 0:00,2,5,2003
859,859,7/10/2003 0:00,3,7,2003
860,860,9/11/2003 0:00,3,9,2003
861,861,10/17/2003 0:00,4,10,2003
862,862,11/5/2003 0:00,4,11,2003
863,863,11/12/2003 0:00,4,11,2003
864,864,11/20/2003 0:00,4,11,2003
865,865,12/2/2003 0:00,4,12,2003
866,866,1/16/2004 0:00,1,1,2004
867,867,2/26/2004 0:00,1,2,2004
868,868,4/13/2004 0:00,2,4,2004
869,869,6/1/2004 0:00,2,6,2004
870,870,7/6/2004 0:00,3,7,2004
871,871,8/6/2004 0:00,3,8,2004
872,872,8/30/2004 0:00,3,8,2004
873,873,10/5/2003 0:00,4,10,2003
874,874,10/16/2004 0:00,4,10,2004
875,875,11/4/2004 0:00,4,11,2004
876,876,11/17/2004 0:00,4,11,2004
877,877,11/24/2004 0:00,4,11,2004
878,878,1/10/2005 0:00,1,1,2005
879,879,2/10/2005 0:00,1,2,2005
880,880,4/22/2005 0:00,2,4,2005
881,881,5/17/2005 0:00,2,5,2005
882,882,1/29/2003 0:00,1,1,2003
883,883,3/24/2003 0:00,1,3,2003
884,884,5/28/2003 0:00,2,5,2003
885,885,7/16/2003 0:00,3,7,2003
886,886,9/19/2003 0:00,3,9,2003
887,887,10/20/2003 0:00,4,10,2003
888,888,11/6/2003 0:00,4,11,2003
889,889,11/13/2003 0:00,4,11,2003
890,890,11/21/2003 0:00,4,11,2003
891,891,12/5/2003 0:00,4,12,2003
892,892,1/29/2004 0:00,1,1,2004
893,893,3/10/2004 0:00,1,3,2004
894,894,4/29/2004 0:00,2,4,2004
895,895,6/14/2004 0:00,2,6,2004
896,896,7/19/2004 0:00,3,7,2004
897,897,8/17/2004 0:00,3,8,2004
898,898,9/8/2004 0:00,3,9,2004
899,899,10/11/2004 0:00,4,10,2004
900,900,10/21/2004 0:00,4,10,2004
901,901,11/4/2004 0:00,4,11,2004
902,902,11/18/2004 0:00,4,11,2004
903,903,11/29/2004 0:00,4,11,2004
904,904,12/10/2004 0:00,4,12,2004
905,905,1/20/2005 0:00,1,1,2005
906,906,2/17/2005 0:00,1,2,2005
907,907,3/9/2005 0:00,1,3,2005
908,908,5/30/2005 0:00,2,5,2005
909,909,1/29/2003 0:00,1,1,2003
910,910,3/25/2003 0:00,1,3,2003
911,911,5/28/2003 0:00,2,5,2003
912,912,7/16/2003 0:00,3,7,2003
913,913,9/19/2003 0:00,3,9,2003
914,914,10/20/2003 0:00,4,10,2003
915,915,11/5/2003 0:00,4,11,2003
916,916,11/13/2003 0:00,4,11,2003
917,917,11/21/2003 0:00,4,11,2003
918,918,12/5/2003 0:00,4,12,2003
919,919,1/29/2004 0:00,1,1,2004
920,920,3/10/2004 0:00,1,3,2004
921,921,4/29/2004 0:00,2,4,2004
922,922,6/14/2004 0:00,2,6,2004
923,923,7/16/2004 0:00,3,7,2004
924,924,8/17/2004 0:00,3,8,2004
925,925,9/8/2004 0:00,3,9,2004
926,926,10/11/2004 0:00,4,10,2004
927,927,10/21/2004 0:00,4,10,2004
928,928,11/4/2004 0:00,4,11,2004
929,929,11/17/2004 0:00,4,11,2004
930,930,11/29/2004 0:00,4,11,2004
931,931,12/10/2004 0:00,4,12,2004
932,932,1/20/2005 0:00,1,1,2005
933,933,2/17/2005 0:00,1,2,2005
934,934,3/10/2005 0:00,1,3,2005
935,935,5/30/2005 0:00,2,5,2005
936,936,2/17/2003 0:00,1,2,2003
937,937,4/28/2003 0:00,2,4,2003
938,938,6/16/2003 0:00,2,6,2003
939,939,8/10/2003 0:00,3,8,2003
940,940,10/6/2003 0:00,4,10,2003
941,941,10/23/2003 0:00,4,10,2003
942,942,11/8/2003 0:00,4,11,2003
943,943,11/14/2003 0:00,4,11,2003
944,944,11/26/2003 0:00,4,11,2003
945,945,1/9/2004 0:00,1,1,2004
946,946,2/19/2004 0:00,1,2,2004
947,947,5/7/2004 0:00,2,5,2004
948,948,6/24/2004 0:00,2,6,2004
949,949,7/21/2004 0:00,3,7,2004
950,950,8/20/2004 0:00,3,8,2004
951,951,9/15/2004 0:00,3,9,2004
952,952,10/14/2004 0:00,4,10,2004
953,953,11/1/2004 0:00,4,11,2004
954,954,11/10/2004 0:00,4,11,2004
955,955,11/22/2004 0:00,4,11,2004
956,956,12/2/2004 0:00,4,12,2004
957,957,1/31/2005 0:00,1,1,2005
958,958,3/1/2005 0:00,1,3,2005
959,959,3/30/2005 0:00,1,3,2005
960,960,4/1/2005 0:00,2,4,2005
961,961,5/6/2005 0:00,2,5,2005
962,962,1/29/2003 0:00,1,1,2003
963,963,3/25/2003 0:00,1,3,2003
964,964,5/28/2003 0:00,2,5,2003
965,965,7/16/2003 0:00,3,7,2003
966,966,9/19/2003 0:00,3,9,2003
967,967,10/20/2003 0:00,4,10,2003
968,968,11/5/2003 0:00,4,11,2003
969,969,11/13/2003 0:00,4,11,2003
970,970,11/21/2003 0:00,4,11,2003
971,971,12/5/2003 0:00,4,12,2003
972,972,1/29/2004 0:00,1,1,2004
973,973,3/10/2004 0:00,1,3,2004
974,974,4/29/2004 0:00,2,4,2004
975,975,6/14/2004 0:00,2,6,2004
976,976,7/19/2004 0:00,3,7,2004
977,977,8/17/2004 0:00,3,8,2004
978,978,9/8/2004 0:00,3,9,2004
979,979,10/11/2004 0:00,4,10,2004
980,980,10/21/2004 0:00,4,10,2004
981,981,11/4/2004 0:00,4,11,2004
982,982,11/17/2004 0:00,4,11,2004
983,983,11/29/2004 0:00,4,11,2004
984,984,12/10/2004 0:00,4,12,2004
985,985,1/20/2005 0:00,1,1,2005
986,986,2/17/2005 0:00,1,2,2005
987,987,3/10/2005 0:00,1,3,2005
988,988,5/30/2005 0:00,2,5,2005
989,989,2/11/2003 0:00,1,2,2003
990,990,4/16/2003 0:00,2,4,2003
991,991,6/6/2003 0:00,2,6,2003
992,992,8/8/2003 0:00,3,8,2003
993,993,9/28/2003 0:00,3,9,2003
994,994,10/21/2003 0:00,4,10,2003
995,995,11/7/2003 0:00,4,11,2003
996,996,11/14/2003 0:00,4,11,2003
997,997,11/26/2003 0:00,4,11,2003
998,998,1/2/2004 0:00,1,1,2004
999,999,2/18/2004 0:00,1,2,2004
1000,1000,3/20/2004 0:00,1,3,2004
1001,1001,5/7/2004 0:00,2,5,2004
1002,1002,7/21/2004 0:00,3,7,2004
1003,1003,8/20/2004 0:00,3,8,2004
1004,1004,9/9/2004 0:00,3,9,2004
1005,1005,10/14/2004 0:00,4,10,2004
1006,1006,10/22/2004 0:00,4,10,2004
1007,1007,11/5/2004 0:00,4,11,2004
1008,1008,11/20/2004 0:00,4,11,2004
1009,1009,12/2/2004 0:00,4,12,2004
1010,1010,1/26/2005 0:00,1,1,2005
1011,1011,2/22/2005 0:00,1,2,2005
1012,1012,3/23/2005 0:00,1,3,2005
1013,1013,5/6/2005 0:00,2,5,2005
1014,1014,1/31/2003 0:00,1,1,2003
1015,1015,3/10/2003 0:00,1,3,2003
1016,1016,4/1/2003 0:00,2,4,2003
1017,1017,5/8/2003 0:00,2,5,2003
1018,1018,6/3/2003 0:00,2,6,2003
1019,1019,7/4/2003 0:00,3,7,2003
1020,1020,8/1/2003 0:00,3,8,2003
1021,1021,9/11/2003 0:00,3,9,2003
1022,1022,9/21/2003 0:00,3,9,2003
1023,1023,10/11/2003 0:00,4,10,2003
1024,1024,10/22/2003 0:00,4,10,2003
1025,1025,11/5/2003 0:00,4,11,2003
1026,1026,11/6/2003 0:00,4,11,2003
1027,1027,11/12/2003 0:00,4,11,2003
1028,1028,11/14/2003 0:00,4,11,2003
1029,1029,11/20/2003 0:00,4,11,2003
1030,1030,11/25/2003 0:00,4,11,2003
1031,1031,12/2/2003 0:00,4,12,2003
1032,1032,12/9/2003 0:00,4,12,2003
1033,1033,1/16/2004 0:00,1,1,2004
1034,1034,2/22/2004 0:00,1,2,2004
1035,1035,3/11/2004 0:00,1,3,2004
1036,1036,4/12/2004 0:00,2,4,2004
1037,1037,5/5/2004 0:00,2,5,2004
1038,1038,6/1/2004 0:00,2,6,2004
1039,1039,6/15/2004 0:00,2,6,2004
1040,1040,7/6/2004 0:00,3,7,2004
1041,1041,7/20/2004 0:00,3,7,2004
1042,1042,8/6/2004 0:00,3,8,2004
1043,1043,8/19/2004 0:00,3,8,2004
1044,1044,8/30/2004 0:00,3,8,2004
1045,1045,9/8/2004 0:00,3,9,2004
1046,1046,10/5/2003 0:00,4,10,2003
1047,1047,10/13/2004 0:00,4,10,2004
1048,1048,10/16/2004 0:00,4,10,2004
1049,1049,10/22/2004 0:00,4,10,2004
1050,1050,11/4/2004 0:00,4,11,2004
1051,1051,11/5/2004 0:00,4,11,2004
1052,1052,11/17/2004 0:00,4,11,2004
1053,1053,11/19/2004 0:00,4,11,2004
1054,1054,11/24/2004 0:00,4,11,2004
1055,1055,12/1/2004 0:00,4,12,2004
1056,1056,12/10/2004 0:00,4,12,2004
1057,1057,1/10/2005 0:00,1,1,2005
1058,1058,1/20/2005 0:00,1,1,2005
1059,1059,2/9/2005 0:00,1,2,2005
1060,1060,2/22/2005 0:00,1,2,2005
1061,1061,3/15/2005 0:00,1,3,2005
1062,1062,4/14/2005 0:00,2,4,2005
1063,1063,5/3/2005 0:00,2,5,2005
1064,1064,5/17/2005 0:00,2,5,2005
1065,1065,5/31/2005 0:00,2,5,2005
1066,1066,2/11/2003 0:00,1,2,2003
1067,1067,4/16/2003 0:00,2,4,2003
1068,1068,6/6/2003 0:00,2,6,2003
1069,1069,8/8/2003 0:00,3,8,2003
1070,1070,9/28/2003 0:00,3,9,2003
1071,1071,10/22/2003 0:00,4,10,2003
1072,1072,11/7/2003 0:00,4,11,2003
1073,1073,11/14/2003 0:00,4,11,2003
1074,1074,11/26/2003 0:00,4,11,2003
1075,1075,1/2/2004 0:00,1,1,2004
1076,1076,2/18/2004 0:00,1,2,2004
1077,1077,3/20/2004 0:00,1,3,2004
1078,1078,5/7/2004 0:00,2,5,2004
1079,1079,7/21/2004 0:00,3,7,2004
1080,1080,8/20/2004 0:00,3,8,2004
1081,1081,9/9/2004 0:00,3,9,2004
1082,1082,10/14/2004 0:00,4,10,2004
1083,1083,10/22/2004 0:00,4,10,2004
1084,1084,11/9/2004 0:00,4,11,2004
1085,1085,11/20/2004 0:00,4,11,2004
1086,1086,12/2/2004 0:00,4,12,2004
1087,1087,1/26/2005 0:00,1,1,2005
1088,1088,2/22/2005 0:00,1,2,2005
1089,1089,3/23/2005 0:00,1,3,2005
1090,1090,5/6/2005 0:00,2,5,2005
1091,1091,3/3/2003 0:00,1,3,2003
1092,1092,5/8/2003 0:00,2,5,2003
1093,1093,7/2/2003 0:00,3,7,2003
1094,1094,9/5/2003 0:00,3,9,2003
1095,1095,10/10/2003 0:00,4,10,2003
1096,1096,11/4/2003 0:00,4,11,2003
1097,1097,11/12/2003 0:00,4,11,2003
1098,1098,11/20/2003 0:00,4,11,2003
1099,1099,12/2/2003 0:00,4,12,2003
1100,1100,1/15/2004 0:00,1,1,2004
1101,1101,2/22/2004 0:00,1,2,2004
1102,1102,4/9/2004 0:00,2,4,2004
1103,1103,5/26/2004 0:00,2,5,2004
1104,1104,7/2/2004 0:00,3,7,2004
1105,1105,8/2/2004 0:00,3,8,2004
1106,1106,8/30/2004 0:00,3,8,2004
1107,1107,10/4/2003 0:00,4,10,2003
1108,1108,10/16/2004 0:00,4,10,2004
1109,1109,11/3/2004 0:00,4,11,2004
1110,1110,11/15/2004 0:00,4,11,2004
1111,1111,11/24/2004 0:00,4,11,2004
1112,1112,1/6/2005 0:00,1,1,2005
1113,1113,2/10/2005 0:00,1,2,2005
1114,1114,3/4/2005 0:00,1,3,2005
1115,1115,1/29/2003 0:00,1,1,2003
1116,1116,3/25/2003 0:00,1,3,2003
1117,1117,5/28/2003 0:00,2,5,2003
1118,1118,7/16/2003 0:00,3,7,2003
1119,1119,9/12/2003 0:00,3,9,2003
1120,1120,10/20/2003 0:00,4,10,2003
1121,1121,11/5/2003 0:00,4,11,2003
1122,1122,11/12/2003 0:00,4,11,2003
1123,1123,11/21/2003 0:00,4,11,2003
1124,1124,12/5/2003 0:00,4,12,2003
1125,1125,1/29/2004 0:00,1,1,2004
1126,1126,3/2/2004 0:00,1,3,2004
1127,1127,4/29/2004 0:00,2,4,2004
1128,1128,6/14/2004 0:00,2,6,2004
1129,1129,8/17/2004 0:00,3,8,2004
1130,1130,9/7/2004 0:00,3,9,2004
1131,1131,10/11/2004 0:00,4,10,2004
1132,1132,10/21/2004 0:00,4,10,2004
1133,1133,11/5/2004 0:00,4,11,2004
1134,1134,11/18/2004 0:00,4,11,2004
1135,1135,11/29/2004 0:00,4,11,2004
1136,1136,12/10/2004 0:00,4,12,2004
1137,1137,1/20/2005 0:00,1,1,2005
1138,1138,2/17/2005 0:00,1,2,2005
1139,1139,3/10/2005 0:00,1,3,2005
1140,1140,5/30/2005 0:00,2,5,2005
1141,1141,3/3/2003 0:00,1,3,2003
1142,1142,5/8/2003 0:00,2,5,2003
1143,1143,7/2/2003 0:00,3,7,2003
1144,1144,9/5/2003 0:00,3,9,2003
1145,1145,10/10/2003 0:00,4,10,2003
1146,1146,11/4/2003 0:00,4,11,2003
1147,1147,11/12/2003 0:00,4,11,2003
1148,1148,11/20/2003 0:00,4,11,2003
1149,1149,12/2/2003 0:00,4,12,2003
1150,1150,1/15/2004 0:00,1,1,2004
1151,1151,2/22/2004 0:00,1,2,2004
1152,1152,4/9/2004 0:00,2,4,2004
1153,1153,5/26/2004 0:00,2,5,2004
1154,1154,7/2/2004 0:00,3,7,2004
1155,1155,8/2/2004 0:00,3,8,2004
1156,1156,8/30/2004 0:00,3,8,2004
1157,1157,10/4/2003 0:00,4,10,2003
1158,1158,10/16/2004 0:00,4,10,2004
1159,1159,11/3/2004 0:00,4,11,2004
1160,1160,11/16/2004 0:00,4,11,2004
1161,1161,11/24/2004 0:00,4,11,2004
1162,1162,12/7/2004 0:00,4,12,2004
1163,1163,1/6/2005 0:00,1,1,2005
1164,1164,2/10/2005 0:00,1,2,2005
1165,1165,3/4/2005 0:00,1,3,2005
1166,1166,3/10/2003 0:00,1,3,2003
1167,1167,5/20/2003 0:00,2,5,2003
1168,1168,7/10/2003 0:00,3,7,2003
1169,1169,9/11/2003 0:00,3,9,2003
1170,1170,10/17/2003 0:00,4,10,2003
1171,1171,11/5/2003 0:00,4,11,2003
1172,1172,11/12/2003 0:00,4,11,2003
1173,1173,11/20/2003 0:00,4,11,2003
1174,1174,12/2/2003 0:00,4,12,2003
1175,1175,1/16/2004 0:00,1,1,2004
1176,1176,2/26/2004 0:00,1,2,2004
1177,1177,4/13/2004 0:00,2,4,2004
1178,1178,6/1/2004 0:00,2,6,2004
1179,1179,7/6/2004 0:00,3,7,2004
1180,1180,8/6/2004 0:00,3,8,2004
1181,1181,8/30/2004 0:00,3,8,2004
1182,1182,10/5/2003 0:00,4,10,2003
1183,1183,10/16/2004 0:00,4,10,2004
1184,1184,11/4/2004 0:00,4,11,2004
1185,1185,11/17/2004 0:00,4,11,2004
1186,1186,11/24/2004 0:00,4,11,2004
1187,1187,1/12/2005 0:00,1,1,2005
1188,1188,2/10/2005 0:00,1,2,2005
1189,1189,4/15/2005 0:00,2,4,2005
1190,1190,5/17/2005 0:00,2,5,2005
1191,1191,3/3/2003 0:00,1,3,2003
1192,1192,5/8/2003 0:00,2,5,2003
1193,1193,7/2/2003 0:00,3,7,2003
1194,1194,9/3/2003 0:00,3,9,2003
1195,1195,10/10/2003 0:00,4,10,2003
1196,1196,11/4/2003 0:00,4,11,2003
1197,1197,11/11/2003 0:00,4,11,2003
1198,1198,11/20/2003 0:00,4,11,2003
1199,1199,1/15/2004 0:00,1,1,2004
1200,1200,2/21/2004 0:00,1,2,2004
1201,1201,4/5/2004 0:00,2,4,2004
1202,1202,5/26/2004 0:00,2,5,2004
1203,1203,6/30/2004 0:00,2,6,2004
1204,1204,8/2/2004 0:00,3,8,2004
1205,1205,8/28/2004 0:00,3,8,2004
1206,1206,9/30/2004 0:00,3,9,2004
1207,1207,10/16/2004 0:00,4,10,2004
1208,1208,11/3/2004 0:00,4,11,2004
1209,1209,11/16/2004 0:00,4,11,2004
1210,1210,11/24/2004 0:00,4,11,2004
1211,1211,12/7/2004 0:00,4,12,2004
1212,1212,1/6/2005 0:00,1,1,2005
1213,1213,2/10/2005 0:00,1,2,2005
1214,1214,3/4/2005 0:00,1,3,2005
1215,1215,4/8/2005 0:00,2,4,2005
1216,1216,2/17/2003 0:00,1,2,2003
1217,1217,4/28/2003 0:00,2,4,2003
1218,1218,6/16/2003 0:00,2,6,2003
1219,1219,8/10/2003 0:00,3,8,2003
1220,1220,10/6/2003 0:00,4,10,2003
1221,1221,10/23/2003 0:00,4,10,2003
1222,1222,11/8/2003 0:00,4,11,2003
1223,1223,11/14/2003 0:00,4,11,2003
1224,1224,11/26/2003 0:00,4,11,2003
1225,1225,1/9/2004 0:00,1,1,2004
1226,1226,2/19/2004 0:00,1,2,2004
1227,1227,5/8/2004 0:00,2,5,2004
1228,1228,6/24/2004 0:00,2,6,2004
1229,1229,7/21/2004 0:00,3,7,2004
1230,1230,8/20/2004 0:00,3,8,2004
1231,1231,9/15/2004 0:00,3,9,2004
1232,1232,10/14/2004 0:00,4,10,2004
1233,1233,11/1/2004 0:00,4,11,2004
1234,1234,11/12/2004 0:00,4,11,2004
1235,1235,11/22/2004 0:00,4,11,2004
1236,1236,12/3/2004 0:00,4,12,2004
1237,1237,1/31/2005 0:00,1,1,2005
1238,1238,3/1/2005 0:00,1,3,2005
1239,1239,3/30/2005 0:00,1,3,2005
1240,1240,4/1/2005 0:00,2,4,2005
1241,1241,5/9/2005 0:00,2,5,2005
1242,1242,1/31/2003 0:00,1,1,2003
1243,1243,4/16/2003 0:00,2,4,2003
1244,1244,6/3/2003 0:00,2,6,2003
1245,1245,8/8/2003 0:00,3,8,2003
1246,1246,9/25/2003 0:00,3,9,2003
1247,1247,10/22/2003 0:00,4,10,2003
1248,1248,11/6/2003 0:00,4,11,2003
1249,1249,11/14/2003 0:00,4,11,2003
1250,1250,11/26/2003 0:00,4,11,2003
1251,1251,12/9/2003 0:00,4,12,2003
1252,1252,2/12/2004 0:00,1,2,2004
1253,1253,3/15/2004 0:00,1,3,2004
1254,1254,5/5/2004 0:00,2,5,2004
1255,1255,7/20/2004 0:00,3,7,2004
1256,1256,8/20/2004 0:00,3,8,2004
1257,1257,9/8/2004 0:00,3,9,2004
1258,1258,10/14/2004 0:00,4,10,2004
1259,1259,10/22/2004 0:00,4,10,2004
1260,1260,11/5/2004 0:00,4,11,2004
1261,1261,11/21/2004 0:00,4,11,2004
1262,1262,12/1/2004 0:00,4,12,2004
1263,1263,12/10/2004 0:00,4,12,2004
1264,1264,1/26/2005 0:00,1,1,2005
1265,1265,2/22/2005 0:00,1,2,2005
1266,1266,3/15/2005 0:00,1,3,2005
1267,1267,5/5/2005 0:00,2,5,2005
1268,1268,1/6/2003 0:00,1,1,2003
1269,1269,3/18/2003 0:00,1,3,2003
1270,1270,5/21/2003 0:00,2,5,2003
1271,1271,9/11/2003 0:00,3,9,2003
1272,1272,10/18/2003 0:00,4,10,2003
1273,1273,11/5/2003 0:00,4,11,2003
1274,1274,11/12/2003 0:00,4,11,2003
1275,1275,11/21/2003 0:00,4,11,2003
1276,1276,12/2/2003 0:00,4,12,2003
1277,1277,1/22/2004 0:00,1,1,2004
1278,1278,3/2/2004 0:00,1,3,2004
1279,1279,4/13/2004 0:00,2,4,2004
1280,1280,8/17/2004 0:00,3,8,2004
1281,1281,9/1/2004 0:00,3,9,2004
1282,1282,10/6/2003 0:00,4,10,2003
1283,1283,10/16/2004 0:00,4,10,2004
1284,1284,11/17/2004 0:00,4,11,2004
1285,1285,11/25/2004 0:00,4,11,2004
1286,1286,1/12/2005 0:00,1,1,2005
1287,1287,2/16/2005 0:00,1,2,2005
1288,1288,4/22/2005 0:00,2,4,2005
1289,1289,5/29/2005 0:00,2,5,2005
1290,1290,2/11/2003 0:00,1,2,2003
1291,1291,4/16/2003 0:00,2,4,2003
1292,1292,6/6/2003 0:00,2,6,2003
1293,1293,8/8/2003 0:00,3,8,2003
1294,1294,9/28/2003 0:00,3,9,2003
1295,1295,10/21/2003 0:00,4,10,2003
1296,1296,11/7/2003 0:00,4,11,2003
1297,1297,11/14/2003 0:00,4,11,2003
1298,1298,11/26/2003 0:00,4,11,2003
1299,1299,1/2/2004 0:00,1,1,2004
1300,1300,2/18/2004 0:00,1,2,2004
1301,1301,3/20/2004 0:00,1,3,2004
1302,1302,5/7/2004 0:00,2,5,2004
1303,1303,6/17/2004 0:00,2,6,2004
1304,1304,7/21/2004 0:00,3,7,2004
1305,1305,8/20/2004 0:00,3,8,2004
1306,1306,9/9/2004 0:00,3,9,2004
1307,1307,10/14/2004 0:00,4,10,2004
1308,1308,10/29/2004 0:00,4,10,2004
1309,1309,11/9/2004 0:00,4,11,2004
1310,1310,11/21/2004 0:00,4,11,2004
1311,1311,12/2/2004 0:00,4,12,2004
1312,1312,1/26/2005 0:00,1,1,2005
1313,1313,2/22/2005 0:00,1,2,2005
1314,1314,3/23/2005 0:00,1,3,2005
1315,1315,5/6/2005 0:00,2,5,2005
1316,1316,1/29/2003 0:00,1,1,2003
1317,1317,4/1/2003 0:00,2,4,2003
1318,1318,5/28/2003 0:00,2,5,2003
1319,1319,7/24/2003 0:00,3,7,2003
1320,1320,9/19/2003 0:00,3,9,2003
1321,1321,10/21/2003 0:00,4,10,2003
1322,1322,11/6/2003 0:00,4,11,2003
1323,1323,11/13/2003 0:00,4,11,2003
1324,1324,11/25/2003 0:00,4,11,2003
1325,1325,12/9/2003 0:00,4,12,2003
1326,1326,2/4/2004 0:00,1,2,2004
1327,1327,3/11/2004 0:00,1,3,2004
1328,1328,5/4/2004 0:00,2,5,2004
1329,1329,6/15/2004 0:00,2,6,2004
1330,1330,7/19/2004 0:00,3,7,2004
1331,1331,8/19/2004 0:00,3,8,2004
1332,1332,9/8/2004 0:00,3,9,2004
1333,1333,10/13/2004 0:00,4,10,2004
1334,1334,10/22/2004 0:00,4,10,2004
1335,1335,11/5/2004 0:00,4,11,2004
1336,1336,11/19/2004 0:00,4,11,2004
1337,1337,11/29/2004 0:00,4,11,2004
1338,1338,12/10/2004 0:00,4,12,2004
1339,1339,1/20/2005 0:00,1,1,2005
1340,1340,2/17/2005 0:00,1,2,2005
1341,1341,5/1/2005 0:00,2,5,2005
1342,1342,5/31/2005 0:00,2,5,2005
1343,1343,1/29/2003 0:00,1,1,2003
1344,1344,3/26/2003 0:00,1,3,2003
1345,1345,5/28/2003 0:00,2,5,2003
1346,1346,7/24/2003 0:00,3,7,2003
1347,1347,9/19/2003 0:00,3,9,2003
1348,1348,10/21/2003 0:00,4,10,2003
1349,1349,11/6/2003 0:00,4,11,2003
1350,1350,11/13/2003 0:00,4,11,2003
1351,1351,11/25/2003 0:00,4,11,2003
1352,1352,12/5/2003 0:00,4,12,2003
1353,1353,1/29/2004 0:00,1,1,2004
1354,1354,3/11/2004 0:00,1,3,2004
1355,1355,5/4/2004 0:00,2,5,2004
1356,1356,6/15/2004 0:00,2,6,2004
1357,1357,7/19/2004 0:00,3,7,2004
1358,1358,8/19/2004 0:00,3,8,2004
1359,1359,9/8/2004 0:00,3,9,2004
1360,1360,10/11/2004 0:00,4,10,2004
1361,1361,10/21/2004 0:00,4,10,2004
1362,1362,11/5/2004 0:00,4,11,2004
1363,1363,11/18/2004 0:00,4,11,2004
1364,1364,11/1/2004 0:00,4,11,2004
1365,1365,12/10/2004 0:00,4,12,2004
1366,1366,1/20/2005 0:00,1,1,2005
1367,1367,2/17/2005 0:00,1,2,2005
1368,1368,5/1/2005 0:00,2,5,2005
1369,1369,5/31/2005 0:00,2,5,2005
1370,1370,3/3/2003 0:00,1,3,2003
1371,1371,5/8/2003 0:00,2,5,2003
1372,1372,7/2/2003 0:00,3,7,2003
1373,1373,9/3/2003 0:00,3,9,2003
1374,1374,10/10/2003 0:00,4,10,2003
1375,1375,11/4/2003 0:00,4,11,2003
1376,1376,11/11/2003 0:00,4,11,2003
1377,1377,11/20/2003 0:00,4,11,2003
1378,1378,1/15/2004 0:00,1,1,2004
1379,1379,2/22/2004 0:00,1,2,2004
1380,1380,4/9/2004 0:00,2,4,2004
1381,1381,5/26/2004 0:00,2,5,2004
1382,1382,6/30/2004 0:00,2,6,2004
1383,1383,8/2/2004 0:00,3,8,2004
1384,1384,8/30/2004 0:00,3,8,2004
1385,1385,9/30/2004 0:00,3,9,2004
1386,1386,10/16/2004 0:00,4,10,2004
1387,1387,11/3/2004 0:00,4,11,2004
1388,1388,11/16/2004 0:00,4,11,2004
1389,1389,11/24/2004 0:00,4,11,2004
1390,1390,12/7/2004 0:00,4,12,2004
1391,1391,1/6/2005 0:00,1,1,2005
1392,1392,2/10/2005 0:00,1,2,2005
1393,1393,3/4/2005 0:00,1,3,2005
1394,1394,3/18/2003 0:00,1,3,2003
1395,1395,5/21/2003 0:00,2,5,2003
1396,1396,9/11/2003 0:00,3,9,2003
1397,1397,10/17/2003 0:00,4,10,2003
1398,1398,11/5/2003 0:00,4,11,2003
1399,1399,11/12/2003 0:00,4,11,2003
1400,1400,11/21/2003 0:00,4,11,2003
1401,1401,12/2/2003 0:00,4,12,2003
1402,1402,1/22/2004 0:00,1,1,2004
1403,1403,3/2/2004 0:00,1,3,2004
1404,1404,4/13/2004 0:00,2,4,2004
1405,1405,7/7/2004 0:00,3,7,2004
1406,1406,8/9/2004 0:00,3,8,2004
1407,1407,9/1/2004 0:00,3,9,2004
1408,1408,10/6/2003 0:00,4,10,2003
1409,1409,10/16/2004 0:00,4,10,2004
1410,1410,11/17/2004 0:00,4,11,2004
1411,1411,11/25/2004 0:00,4,11,2004
1412,1412,1/12/2005 0:00,1,1,2005
1413,1413,2/16/2005 0:00,1,2,2005
1414,1414,4/22/2005 0:00,2,4,2005
1415,1415,5/29/2005 0:00,2,5,2005
1416,1416,3/18/2003 0:00,1,3,2003
1417,1417,5/21/2003 0:00,2,5,2003
1418,1418,9/11/2003 0:00,3,9,2003
1419,1419,10/17/2003 0:00,4,10,2003
1420,1420,11/5/2003 0:00,4,11,2003
1421,1421,11/12/2003 0:00,4,11,2003
1422,1422,11/20/2003 0:00,4,11,2003
1423,1423,12/2/2003 0:00,4,12,2003
1424,1424,1/16/2004 0:00,1,1,2004
1425,1425,2/26/2004 0:00,1,2,2004
1426,1426,4/13/2004 0:00,2,4,2004
1427,1427,7/7/2004 0:00,3,7,2004
1428,1428,8/9/2004 0:00,3,8,2004
1429,1429,9/1/2004 0:00,3,9,2004
1430,1430,10/5/2003 0:00,4,10,2003
1431,1431,10/16/2004 0:00,4,10,2004
1432,1432,11/4/2004 0:00,4,11,2004
1433,1433,11/17/2004 0:00,4,11,2004
1434,1434,11/25/2004 0:00,4,11,2004
1435,1435,1/12/2005 0:00,1,1,2005
1436,1436,2/16/2005 0:00,1,2,2005
1437,1437,4/22/2005 0:00,2,4,2005
1438,1438,5/29/2005 0:00,2,5,2005
1439,1439,1/31/2003 0:00,1,1,2003
1440,1440,4/4/2003 0:00,2,4,2003
1441,1441,6/3/2003 0:00,2,6,2003
1442,1442,8/1/2003 0:00,3,8,2003
1443,1443,9/25/2003 0:00,3,9,2003
1444,1444,10/22/2003 0:00,4,10,2003
1445,1445,11/6/2003 0:00,4,11,2003
1446,1446,11/14/2003 0:00,4,11,2003
1447,1447,11/25/2003 0:00,4,11,2003
1448,1448,12/9/2003 0:00,4,12,2003
1449,1449,2/12/2004 0:00,1,2,2004
1450,1450,3/15/2004 0:00,1,3,2004
1451,1451,5/5/2004 0:00,2,5,2004
1452,1452,6/15/2004 0:00,2,6,2004
1453,1453,7/20/2004 0:00,3,7,2004
1454,1454,8/20/2004 0:00,3,8,2004
1455,1455,9/8/2004 0:00,3,9,2004
1456,1456,10/13/2004 0:00,4,10,2004
1457,1457,10/22/2004 0:00,4,10,2004
1458,1458,11/5/2004 0:00,4,11,2004
1459,1459,11/20/2004 0:00,4,11,2004
1460,1460,12/1/2004 0:00,4,12,2004
1461,1461,12/10/2004 0:00,4,12,2004
1462,1462,1/23/2005 0:00,1,1,2005
1463,1463,2/22/2005 0:00,1,2,2005
1464,1464,3/15/2005 0:00,1,3,2005
1465,1465,5/3/2005 0:00,2,5,2005
1466,1466,5/31/2005 0:00,2,5,2005
1467,1467,2/24/2003 0:00,1,2,2003
1468,1468,4/29/2003 0:00,2,4,2003
1469,1469,7/1/2003 0:00,3,7,2003
1470,1470,8/25/2003 0:00,3,8,2003
1471,1471,10/10/2003 0:00,4,10,2003
1472,1472,10/28/2003 0:00,4,10,2003
1473,1473,11/11/2003 0:00,4,11,2003
1474,1474,11/18/2003 0:00,4,11,2003
1475,1475,12/1/2003 0:00,4,12,2003
1476,1476,1/15/2004 0:00,1,1,2004
1477,1477,2/20/2004 0:00,1,2,2004
1478,1478,4/5/2004 0:00,2,4,2004
1479,1479,5/18/2004 0:00,2,5,2004
1480,1480,6/28/2004 0:00,2,6,2004
1481,1481,7/23/2004 0:00,3,7,2004
1482,1482,8/27/2004 0:00,3,8,2004
1483,1483,9/30/2004 0:00,3,9,2004
1484,1484,10/15/2004 0:00,4,10,2004
1485,1485,11/2/2004 0:00,4,11,2004
1486,1486,11/15/2004 0:00,4,11,2004
1487,1487,11/23/2004 0:00,4,11,2004
1488,1488,1/5/2005 0:00,1,1,2005
1489,1489,2/2/2005 0:00,1,2,2005
1490,1490,3/3/2005 0:00,1,3,2005
1491,1491,4/8/2005 0:00,2,4,2005
1492,1492,5/13/2005 0:00,2,5,2005
1493,1493,3/18/2003 0:00,1,3,2003
1494,1494,5/20/2003 0:00,2,5,2003
1495,1495,7/10/2003 0:00,3,7,2003
1496,1496,9/11/2003 0:00,3,9,2003
1497,1497,10/17/2003 0:00,4,10,2003
1498,1498,11/5/2003 0:00,4,11,2003
1499,1499,11/12/2003 0:00,4,11,2003
1500,1500,11/20/2003 0:00,4,11,2003
1501,1501,12/2/2003 0:00,4,12,2003
1502,1502,1/16/2004 0:00,1,1,2004
1503,1503,2/26/2004 0:00,1,2,2004
1504,1504,4/13/2004 0:00,2,4,2004
1505,1505,7/6/2004 0:00,3,7,2004
1506,1506,8/6/2004 0:00,3,8,2004
1507,1507,9/1/2004 0:00,3,9,2004
1508,1508,10/5/2003 0:00,4,10,2003
1509,1509,10/16/2004 0:00,4,10,2004
1510,1510,11/4/2004 0:00,4,11,2004
1511,1511,11/17/2004 0:00,4,11,2004
1512,1512,11/24/2004 0:00,4,11,2004
1513,1513,1/12/2005 0:00,1,1,2005
1514,1514,2/10/2005 0:00,1,2,2005
1515,1515,4/22/2005 0:00,2,4,2005
1516,1516,5/29/2005 0:00,2,5,2005
1517,1517,2/17/2003 0:00,1,2,2003
1518,1518,4/29/2003 0:00,2,4,2003
1519,1519,6/27/2003 0:00,2,6,2003
1520,1520,8/25/2003 0:00,3,8,2003
1521,1521,10/28/2003 0:00,4,10,2003
1522,1522,1/12/2004 0:00,1,1,2004
1523,1523,2/20/2004 0:00,1,2,2004
1524,1524,4/2/2004 0:00,2,4,2004
1525,1525,5/11/2004 0:00,2,5,2004
1526,1526,6/24/2004 0:00,2,6,2004
1527,1527,7/23/2004 0:00,3,7,2004
1528,1528,8/21/2004 0:00,3,8,2004
1529,1529,9/16/2004 0:00,3,9,2004
1530,1530,10/15/2004 0:00,4,10,2004
1531,1531,11/1/2004 0:00,4,11,2004
1532,1532,11/12/2004 0:00,4,11,2004
1533,1533,11/23/2004 0:00,4,11,2004
1534,1534,12/4/2004 0:00,4,12,2004
1535,1535,2/2/2005 0:00,1,2,2005
1536,1536,3/1/2005 0:00,1,3,2005
1537,1537,3/30/2005 0:00,1,3,2005
1538,1538,4/3/2005 0:00,2,4,2005
1539,1539,5/10/2005 0:00,2,5,2005
1540,1540,1/9/2003 0:00,1,1,2003
1541,1541,3/18/2003 0:00,1,3,2003
1542,1542,5/21/2003 0:00,2,5,2003
1543,1543,9/12/2003 0:00,3,9,2003
1544,1544,10/18/2003 0:00,4,10,2003
1545,1545,11/5/2003 0:00,4,11,2003
1546,1546,11/12/2003 0:00,4,11,2003
1547,1547,11/21/2003 0:00,4,11,2003
1548,1548,12/3/2003 0:00,4,12,2003
1549,1549,1/26/2004 0:00,1,1,2004
1550,1550,3/2/2004 0:00,1,3,2004
1551,1551,4/26/2004 0:00,2,4,2004
1552,1552,8/17/2004 0:00,3,8,2004
1553,1553,9/1/2004 0:00,3,9,2004
1554,1554,10/11/2004 0:00,4,10,2004
1555,1555,10/21/2004 0:00,4,10,2004
1556,1556,11/4/2004 0:00,4,11,2004
1557,1557,11/17/2004 0:00,4,11,2004
1558,1558,11/25/2004 0:00,4,11,2004
1559,1559,12/9/2004 0:00,4,12,2004
1560,1560,1/12/2005 0:00,1,1,2005
1561,1561,2/16/2005 0:00,1,2,2005
1562,1562,3/9/2005 0:00,1,3,2005
1563,1563,4/23/2005 0:00,2,4,2005
1564,1564,5/29/2005 0:00,2,5,2005
1565,1565,2/24/2003 0:00,1,2,2003
1566,1566,4/29/2003 0:00,2,4,2003
1567,1567,7/1/2003 0:00,3,7,2003
1568,1568,8/25/2003 0:00,3,8,2003
1569,1569,10/10/2003 0:00,4,10,2003
1570,1570,10/28/2003 0:00,4,10,2003
1571,1571,11/11/2003 0:00,4,11,2003
1572,1572,11/18/2003 0:00,4,11,2003
1573,1573,12/1/2003 0:00,4,12,2003
1574,1574,1/12/2004 0:00,1,1,2004
1575,1575,2/20/2004 0:00,1,2,2004
1576,1576,4/3/2004 0:00,2,4,2004
1577,1577,5/11/2004 0:00,2,5,2004
1578,1578,6/28/2004 0:00,2,6,2004
1579,1579,7/23/2004 0:00,3,7,2004
1580,1580,8/27/2004 0:00,3,8,2004
1581,1581,9/16/2004 0:00,3,9,2004
1582,1582,10/15/2004 0:00,4,10,2004
1583,1583,11/2/2004 0:00,4,11,2004
1584,1584,11/15/2004 0:00,4,11,2004
1585,1585,11/24/2004 0:00,4,11,2004
1586,1586,1/6/2005 0:00,1,1,2005
1587,1587,2/3/2005 0:00,1,2,2005
1588,1588,3/3/2005 0:00,1,3,2005
1589,1589,4/7/2005 0:00,2,4,2005
1590,1590,5/10/2005 0:00,2,5,2005
1591,1591,2/11/2003 0:00,1,2,2003
1592,1592,4/16/2003 0:00,2,4,2003
1593,1593,6/12/2003 0:00,2,6,2003
1594,1594,8/8/2003 0:00,3,8,2003
1595,1595,9/28/2003 0:00,3,9,2003
1596,1596,10/23/2003 0:00,4,10,2003
1597,1597,11/7/2003 0:00,4,11,2003
1598,1598,11/14/2003 0:00,4,11,2003
1599,1599,11/26/2003 0:00,4,11,2003
1600,1600,1/2/2004 0:00,1,1,2004
1601,1601,2/18/2004 0:00,1,2,2004
1602,1602,3/20/2004 0:00,1,3,2004
1603,1603,5/7/2004 0:00,2,5,2004
1604,1604,6/17/2004 0:00,2,6,2004
1605,1605,7/21/2004 0:00,3,7,2004
1606,1606,8/20/2004 0:00,3,8,2004
1607,1607,9/9/2004 0:00,3,9,2004
1608,1608,10/14/2004 0:00,4,10,2004
1609,1609,10/29/2004 0:00,4,10,2004
1610,1610,11/9/2004 0:00,4,11,2004
1611,1611,11/21/2004 0:00,4,11,2004
1612,1612,12/2/2004 0:00,4,12,2004
1613,1613,1/26/2005 0:00,1,1,2005
1614,1614,2/23/2005 0:00,1,2,2005
1615,1615,3/23/2005 0:00,1,3,2005
1616,1616,5/6/2005 0:00,2,5,2005
1617,1617,1/9/2003 0:00,1,1,2003
1618,1618,3/18/2003 0:00,1,3,2003
1619,1619,5/21/2003 0:00,2,5,2003
1620,1620,9/12/2003 0:00,3,9,2003
1621,1621,10/18/2003 0:00,4,10,2003
1622,1622,11/5/2003 0:00,4,11,2003
1623,1623,11/12/2003 0:00,4,11,2003
1624,1624,11/21/2003 0:00,4,11,2003
1625,1625,12/3/2003 0:00,4,12,2003
1626,1626,1/26/2004 0:00,1,1,2004
1627,1627,3/2/2004 0:00,1,3,2004
1628,1628,4/29/2004 0:00,2,4,2004
1629,1629,6/4/2004 0:00,2,6,2004
1630,1630,8/17/2004 0:00,3,8,2004
1631,1631,9/3/2004 0:00,3,9,2004
1632,1632,10/11/2004 0:00,4,10,2004
1633,1633,10/21/2004 0:00,4,10,2004
1634,1634,11/4/2004 0:00,4,11,2004
1635,1635,11/17/2004 0:00,4,11,2004
1636,1636,11/25/2004 0:00,4,11,2004
1637,1637,12/9/2004 0:00,4,12,2004
1638,1638,1/12/2005 0:00,1,1,2005
1639,1639,2/16/2005 0:00,1,2,2005
1640,1640,3/9/2005 0:00,1,3,2005
1641,1641,5/29/2005 0:00,2,5,2005
1642,1642,1/29/2003 0:00,1,1,2003
1643,1643,4/1/2003 0:00,2,4,2003
1644,1644,5/28/2003 0:00,2,5,2003
1645,1645,7/24/2003 0:00,3,7,2003
1646,1646,9/21/2003 0:00,3,9,2003
1647,1647,10/22/2003 0:00,4,10,2003
1648,1648,11/6/2003 0:00,4,11,2003
1649,1649,11/14/2003 0:00,4,11,2003
1650,1650,11/25/2003 0:00,4,11,2003
1651,1651,12/9/2003 0:00,4,12,2003
1652,1652,2/4/2004 0:00,1,2,2004
1653,1653,3/11/2004 0:00,1,3,2004
1654,1654,5/5/2004 0:00,2,5,2004
1655,1655,6/15/2004 0:00,2,6,2004
1656,1656,7/20/2004 0:00,3,7,2004
1657,1657,8/19/2004 0:00,3,8,2004
1658,1658,9/8/2004 0:00,3,9,2004
1659,1659,10/13/2004 0:00,4,10,2004
1660,1660,10/22/2004 0:00,4,10,2004
1661,1661,11/5/2004 0:00,4,11,2004
1662,1662,11/19/2004 0:00,4,11,2004
1663,1663,11/1/2004 0:00,4,11,2004
1664,1664,12/10/2004 0:00,4,12,2004
1665,1665,1/23/2005 0:00,1,1,2005
1666,1666,2/17/2005 0:00,1,2,2005
1667,1667,5/3/2005 0:00,2,5,2005
1668,1668,5/31/2005 0:00,2,5,2005
1669,1669,3/3/2003 0:00,1,3,2003
1670,1670,5/7/2003 0:00,2,5,2003
1671,1671,7/2/2003 0:00,3,7,2003
1672,1672,8/25/2003 0:00,3,8,2003
1673,1673,10/10/2003 0:00,4,10,2003
1674,1674,11/4/2003 0:00,4,11,2003
1675,1675,11/11/2003 0:00,4,11,2003
1676,1676,11/19/2003 0:00,4,11,2003
1677,1677,1/15/2004 0:00,1,1,2004
1678,1678,2/21/2004 0:00,1,2,2004
1679,1679,4/5/2004 0:00,2,4,2004
1680,1680,5/26/2004 0:00,2,5,2004
1681,1681,6/30/2004 0:00,2,6,2004
1682,1682,8/2/2004 0:00,3,8,2004
1683,1683,8/27/2004 0:00,3,8,2004
1684,1684,9/30/2004 0:00,3,9,2004
1685,1685,10/15/2004 0:00,4,10,2004
1686,1686,11/3/2004 0:00,4,11,2004
1687,1687,11/16/2004 0:00,4,11,2004
1688,1688,11/24/2004 0:00,4,11,2004
1689,1689,12/7/2004 0:00,4,12,2004
1690,1690,1/6/2005 0:00,1,1,2005
1691,1691,2/3/2005 0:00,1,2,2005
1692,1692,3/4/2005 0:00,1,3,2005
1693,1693,4/8/2005 0:00,2,4,2005
1694,1694,3/18/2003 0:00,1,3,2003
1695,1695,5/21/2003 0:00,2,5,2003
1696,1696,9/11/2003 0:00,3,9,2003
1697,1697,10/17/2003 0:00,4,10,2003
1698,1698,11/5/2003 0:00,4,11,2003
1699,1699,11/12/2003 0:00,4,11,2003
1700,1700,11/20/2003 0:00,4,11,2003
1701,1701,12/2/2003 0:00,4,12,2003
1702,1702,1/16/2004 0:00,1,1,2004
1703,1703,3/2/2004 0:00,1,3,2004
1704,1704,4/13/2004 0:00,2,4,2004
1705,1705,7/7/2004 0:00,3,7,2004
1706,1706,8/9/2004 0:00,3,8,2004
1707,1707,9/1/2004 0:00,3,9,2004
1708,1708,10/6/2003 0:00,4,10,2003
1709,1709,10/16/2004 0:00,4,10,2004
1710,1710,11/4/2004 0:00,4,11,2004
1711,1711,11/17/2004 0:00,4,11,2004
1712,1712,11/29/2004 0:00,4,11,2004
1713,1713,1/19/2005 0:00,1,1,2005
1714,1714,2/16/2005 0:00,1,2,2005
1715,1715,4/22/2005 0:00,2,4,2005
1716,1716,5/29/2005 0:00,2,5,2005
1717,1717,1/31/2003 0:00,1,1,2003
1718,1718,4/1/2003 0:00,2,4,2003
1719,1719,6/3/2003 0:00,2,6,2003
1720,1720,8/1/2003 0:00,3,8,2003
1721,1721,9/21/2003 0:00,3,9,2003
1722,1722,10/22/2003 0:00,4,10,2003
1723,1723,11/6/2003 0:00,4,11,2003
1724,1724,11/14/2003 0:00,4,11,2003
1725,1725,11/25/2003 0:00,4,11,2003
1726,1726,12/9/2003 0:00,4,12,2003
1727,1727,2/10/2004 0:00,1,2,2004
1728,1728,3/11/2004 0:00,1,3,2004
1729,1729,5/5/2004 0:00,2,5,2004
1730,1730,6/15/2004 0:00,2,6,2004
1731,1731,7/20/2004 0:00,3,7,2004
1732,1732,8/19/2004 0:00,3,8,2004
1733,1733,9/8/2004 0:00,3,9,2004
1734,1734,10/13/2004 0:00,4,10,2004
1735,1735,10/22/2004 0:00,4,10,2004
1736,1736,11/5/2004 0:00,4,11,2004
1737,1737,11/19/2004 0:00,4,11,2004
1738,1738,12/1/2004 0:00,4,12,2004
1739,1739,12/10/2004 0:00,4,12,2004
1740,1740,1/23/2005 0:00,1,1,2005
1741,1741,2/22/2005 0:00,1,2,2005
1742,1742,3/15/2005 0:00,1,3,2005
1743,1743,5/3/2005 0:00,2,5,2005
1744,1744,5/31/2005 0:00,2,5,2005
1745,1745,2/17/2003 0:00,1,2,2003
1746,1746,4/28/2003 0:00,2,4,2003
1747,1747,6/16/2003 0:00,2,6,2003
1748,1748,8/10/2003 0:00,3,8,2003
1749,1749,10/6/2003 0:00,4,10,2003
1750,1750,10/23/2003 0:00,4,10,2003
1751,1751,11/8/2003 0:00,4,11,2003
1752,1752,11/14/2003 0:00,4,11,2003
1753,1753,11/27/2003 0:00,4,11,2003
1754,1754,1/9/2004 0:00,1,1,2004
1755,1755,2/19/2004 0:00,1,2,2004
1756,1756,5/8/2004 0:00,2,5,2004
1757,1757,6/24/2004 0:00,2,6,2004
1758,1758,7/21/2004 0:00,3,7,2004
1759,1759,8/21/2004 0:00,3,8,2004
1760,1760,9/15/2004 0:00,3,9,2004
1761,1761,10/14/2004 0:00,4,10,2004
1762,1762,11/1/2004 0:00,4,11,2004
1763,1763,11/12/2004 0:00,4,11,2004
1764,1764,11/23/2004 0:00,4,11,2004
1765,1765,12/3/2004 0:00,4,12,2004
1766,1766,1/31/2005 0:00,1,1,2005
1767,1767,3/1/2005 0:00,1,3,2005
1768,1768,3/30/2005 0:00,1,3,2005
1769,1769,4/1/2005 0:00,2,4,2005
1770,1770,5/9/2005 0:00,2,5,2005
1771,1771,3/18/2003 0:00,1,3,2003
1772,1772,5/21/2003 0:00,2,5,2003
1773,1773,9/11/2003 0:00,3,9,2003
1774,1774,10/17/2003 0:00,4,10,2003
1775,1775,11/5/2003 0:00,4,11,2003
1776,1776,11/12/2003 0:00,4,11,2003
1777,1777,11/20/2003 0:00,4,11,2003
1778,1778,12/2/2003 0:00,4,12,2003
1779,1779,1/22/2004 0:00,1,1,2004
1780,1780,3/2/2004 0:00,1,3,2004
1781,1781,4/13/2004 0:00,2,4,2004
1782,1782,7/7/2004 0:00,3,7,2004
1783,1783,8/9/2004 0:00,3,8,2004
1784,1784,9/1/2004 0:00,3,9,2004
1785,1785,10/6/2003 0:00,4,10,2003
1786,1786,10/16/2004 0:00,4,10,2004
1787,1787,11/17/2004 0:00,4,11,2004
1788,1788,11/29/2004 0:00,4,11,2004
1789,1789,1/19/2005 0:00,1,1,2005
1790,1790,2/16/2005 0:00,1,2,2005
1791,1791,4/22/2005 0:00,2,4,2005
1792,1792,5/29/2005 0:00,2,5,2005
1793,1793,3/10/2003 0:00,1,3,2003
1794,1794,5/8/2003 0:00,2,5,2003
1795,1795,7/2/2003 0:00,3,7,2003
1796,1796,9/5/2003 0:00,3,9,2003
1797,1797,10/11/2003 0:00,4,10,2003
1798,1798,11/5/2003 0:00,4,11,2003
1799,1799,11/12/2003 0:00,4,11,2003
1800,1800,11/20/2003 0:00,4,11,2003
1801,1801,12/2/2003 0:00,4,12,2003
1802,1802,1/16/2004 0:00,1,1,2004
1803,1803,2/22/2004 0:00,1,2,2004
1804,1804,4/12/2004 0:00,2,4,2004
1805,1805,6/1/2004 0:00,2,6,2004
1806,1806,7/6/2004 0:00,3,7,2004
1807,1807,8/6/2004 0:00,3,8,2004
1808,1808,8/30/2004 0:00,3,8,2004
1809,1809,10/5/2003 0:00,4,10,2003
1810,1810,10/16/2004 0:00,4,10,2004
1811,1811,11/4/2004 0:00,4,11,2004
1812,1812,11/17/2004 0:00,4,11,2004
1813,1813,11/24/2004 0:00,4,11,2004
1814,1814,12/7/2004 0:00,4,12,2004
1815,1815,1/12/2005 0:00,1,1,2005
1816,1816,2/10/2005 0:00,1,2,2005
1817,1817,3/4/2005 0:00,1,3,2005
1818,1818,4/14/2005 0:00,2,4,2005
1819,1819,5/17/2005 0:00,2,5,2005
1820,1820,2/11/2003 0:00,1,2,2003
1821,1821,4/28/2003 0:00,2,4,2003
1822,1822,6/12/2003 0:00,2,6,2003
1823,1823,8/8/2003 0:00,3,8,2003
1824,1824,10/2/2003 0:00,4,10,2003
1825,1825,10/23/2003 0:00,4,10,2003
1826,1826,11/7/2003 0:00,4,11,2003
1827,1827,11/14/2003 0:00,4,11,2003
1828,1828,11/26/2003 0:00,4,11,2003
1829,1829,1/2/2004 0:00,1,1,2004
1830,1830,2/19/2004 0:00,1,2,2004
1831,1831,3/29/2004 0:00,1,3,2004
1832,1832,5/7/2004 0:00,2,5,2004
1833,1833,6/17/2004 0:00,2,6,2004
1834,1834,7/21/2004 0:00,3,7,2004
1835,1835,8/20/2004 0:00,3,8,2004
1836,1836,9/10/2004 0:00,3,9,2004
1837,1837,10/14/2004 0:00,4,10,2004
1838,1838,10/29/2004 0:00,4,10,2004
1839,1839,11/9/2004 0:00,4,11,2004
1840,1840,11/23/2004 0:00,4,11,2004
1841,1841,12/2/2004 0:00,4,12,2004
1842,1842,1/31/2005 0:00,1,1,2005
1843,1843,2/23/2005 0:00,1,2,2005
1844,1844,3/23/2005 0:00,1,3,2005
1845,1845,5/6/2005 0:00,2,5,2005
1846,1846,3/18/2003 0:00,1,3,2003
1847,1847,5/21/2003 0:00,2,5,2003
1848,1848,9/11/2003 0:00,3,9,2003
1849,1849,10/17/2003 0:00,4,10,2003
1850,1850,11/5/2003 0:00,4,11,2003
1851,1851,11/12/2003 0:00,4,11,2003
1852,1852,11/20/2003 0:00,4,11,2003
1853,1853,12/2/2003 0:00,4,12,2003
1854,1854,1/16/2004 0:00,1,1,2004
1855,1855,3/2/2004 0:00,1,3,2004
1856,1856,4/13/2004 0:00,2,4,2004
1857,1857,7/7/2004 0:00,3,7,2004
1858,1858,8/9/2004 0:00,3,8,2004
1859,1859,9/1/2004 0:00,3,9,2004
1860,1860,10/6/2003 0:00,4,10,2003
1861,1861,10/16/2004 0:00,4,10,2004
1862,1862,11/4/2004 0:00,4,11,2004
1863,1863,11/17/2004 0:00,4,11,2004
1864,1864,11/29/2004 0:00,4,11,2004
1865,1865,1/19/2005 0:00,1,1,2005
1866,1866,2/16/2005 0:00,1,2,2005
1867,1867,4/22/2005 0:00,2,4,2005
1868,1868,5/29/2005 0:00,2,5,2005
1869,1869,3/3/2003 0:00,1,3,2003
1870,1870,5/8/2003 0:00,2,5,2003
1871,1871,7/2/2003 0:00,3,7,2003
1872,1872,9/5/2003 0:00,3,9,2003
1873,1873,10/10/2003 0:00,4,10,2003
1874,1874,11/4/2003 0:00,4,11,2003
1875,1875,11/12/2003 0:00,4,11,2003
1876,1876,11/20/2003 0:00,4,11,2003
1877,1877,12/2/2003 0:00,4,12,2003
1878,1878,1/15/2004 0:00,1,1,2004
1879,1879,2/22/2004 0:00,1,2,2004
1880,1880,4/9/2004 0:00,2,4,2004
1881,1881,6/1/2004 0:00,2,6,2004
1882,1882,7/6/2004 0:00,3,7,2004
1883,1883,8/2/2004 0:00,3,8,2004
1884,1884,8/30/2004 0:00,3,8,2004
1885,1885,10/4/2003 0:00,4,10,2003
1886,1886,10/16/2004 0:00,4,10,2004
1887,1887,11/3/2004 0:00,4,11,2004
1888,1888,11/17/2004 0:00,4,11,2004
1889,1889,11/24/2004 0:00,4,11,2004
1890,1890,12/7/2004 0:00,4,12,2004
1891,1891,1/6/2005 0:00,1,1,2005
1892,1892,2/10/2005 0:00,1,2,2005
1893,1893,3/4/2005 0:00,1,3,2005
1894,1894,5/17/2005 0:00,2,5,2005
1895,1895,2/17/2003 0:00,1,2,2003
1896,1896,4/28/2003 0:00,2,4,2003
1897,1897,6/16/2003 0:00,2,6,2003
1898,1898,8/10/2003 0:00,3,8,2003
1899,1899,10/6/2003 0:00,4,10,2003
1900,1900,10/23/2003 0:00,4,10,2003
1901,1901,11/8/2003 0:00,4,11,2003
1902,1902,11/14/2003 0:00,4,11,2003
1903,1903,11/27/2003 0:00,4,11,2003
1904,1904,1/9/2004 0:00,1,1,2004
1905,1905,2/19/2004 0:00,1,2,2004
1906,1906,5/8/2004 0:00,2,5,2004
1907,1907,6/24/2004 0:00,2,6,2004
1908,1908,7/21/2004 0:00,3,7,2004
1909,1909,8/21/2004 0:00,3,8,2004
1910,1910,9/15/2004 0:00,3,9,2004
1911,1911,10/14/2004 0:00,4,10,2004
1912,1912,11/1/2004 0:00,4,11,2004
1913,1913,11/12/2004 0:00,4,11,2004
1914,1914,11/23/2004 0:00,4,11,2004
1915,1915,12/3/2004 0:00,4,12,2004
1916,1916,12/17/2004 0:00,4,12,2004
1917,1917,1/31/2005 0:00,1,1,2005
1918,1918,3/1/2005 0:00,1,3,2005
1919,1919,3/30/2005 0:00,1,3,2005
1920,1920,4/1/2005 0:00,2,4,2005
1921,1921,5/9/2005 0:00,2,5,2005
1922,1922,3/18/2003 0:00,1,3,2003
1923,1923,5/21/2003 0:00,2,5,2003
1924,1924,9/11/2003 0:00,3,9,2003
1925,1925,10/17/2003 0:00,4,10,2003
1926,1926,11/5/2003 0:00,4,11,2003
1927,1927,11/12/2003 0:00,4,11,2003
1928,1928,11/20/2003 0:00,4,11,2003
1929,1929,12/2/2003 0:00,4,12,2003
1930,1930,1/16/2004 0:00,1,1,2004
1931,1931,2/26/2004 0:00,1,2,2004
1932,1932,4/13/2004 0:00,2,4,2004
1933,1933,7/7/2004 0:00,3,7,2004
1934,1934,8/9/2004 0:00,3,8,2004
1935,1935,9/1/2004 0:00,3,9,2004
1936,1936,10/5/2003 0:00,4,10,2003
1937,1937,10/16/2004 0:00,4,10,2004
1938,1938,11/4/2004 0:00,4,11,2004
1939,1939,11/17/2004 0:00,4,11,2004
1940,1940,11/29/2004 0:00,4,11,2004
1941,1941,1/19/2005 0:00,1,1,2005
1942,1942,2/16/2005 0:00,1,2,2005
1943,1943,4/22/2005 0:00,2,4,2005
1944,1944,5/29/2005 0:00,2,5,2005
1945,1945,2/11/2003 0:00,1,2,2003
1946,1946,4/28/2003 0:00,2,4,2003
1947,1947,6/12/2003 0:00,2,6,2003
1948,1948,8/10/2003 0:00,3,8,2003
1949,1949,10/6/2003 0:00,4,10,2003
1950,1950,10/23/2003 0:00,4,10,2003
1951,1951,11/8/2003 0:00,4,11,2003
1952,1952,11/14/2003 0:00,4,11,2003
1953,1953,11/26/2003 0:00,4,11,2003
1954,1954,1/9/2004 0:00,1,1,2004
1955,1955,2/19/2004 0:00,1,2,2004
1956,1956,5/7/2004 0:00,2,5,2004
1957,1957,6/24/2004 0:00,2,6,2004
1958,1958,7/21/2004 0:00,3,7,2004
1959,1959,8/20/2004 0:00,3,8,2004
1960,1960,9/15/2004 0:00,3,9,2004
1961,1961,10/14/2004 0:00,4,10,2004
1962,1962,11/1/2004 0:00,4,11,2004
1963,1963,11/9/2004 0:00,4,11,2004
1964,1964,11/23/2004 0:00,4,11,2004
1965,1965,12/2/2004 0:00,4,12,2004
1966,1966,1/31/2005 0:00,1,1,2005
1967,1967,2/28/2005 0:00,1,2,2005
1968,1968,3/23/2005 0:00,1,3,2005
1969,1969,4/1/2005 0:00,2,4,2005
1970,1970,5/6/2005 0:00,2,5,2005
1971,1971,3/3/2003 0:00,1,3,2003
1972,1972,5/8/2003 0:00,2,5,2003
1973,1973,7/2/2003 0:00,3,7,2003
1974,1974,9/5/2003 0:00,3,9,2003
1975,1975,10/11/2003 0:00,4,10,2003
1976,1976,11/4/2003 0:00,4,11,2003
1977,1977,11/12/2003 0:00,4,11,2003
1978,1978,11/20/2003 0:00,4,11,2003
1979,1979,12/2/2003 0:00,4,12,2003
1980,1980,1/16/2004 0:00,1,1,2004
1981,1981,2/22/2004 0:00,1,2,2004
1982,1982,4/12/2004 0:00,2,4,2004
1983,1983,6/1/2004 0:00,2,6,2004
1984,1984,7/6/2004 0:00,3,7,2004
1985,1985,8/6/2004 0:00,3,8,2004
1986,1986,8/30/2004 0:00,3,8,2004
1987,1987,10/5/2003 0:00,4,10,2003
1988,1988,10/16/2004 0:00,4,10,2004
1989,1989,11/4/2004 0:00,4,11,2004
1990,1990,11/17/2004 0:00,4,11,2004
1991,1991,11/24/2004 0:00,4,11,2004
1992,1992,12/7/2004 0:00,4,12,2004
1993,1993,1/6/2005 0:00,1,1,2005
1994,1994,2/10/2005 0:00,1,2,2005
1995,1995,3/4/2005 0:00,1,3,2005
1996,1996,4/14/2005 0:00,2,4,2005
1997,1997,5/17/2005 0:00,2,5,2005
1998,1998,2/17/2003 0:00,1,2,2003
1999,1999,4/28/2003 0:00,2,4,2003
2000,2000,6/16/2003 0:00,2,6,2003
2001,2001,8/10/2003 0:00,3,8,2003
2002,2002,10/6/2003 0:00,4,10,2003
2003,2003,10/28/2003 0:00,4,10,2003
2004,2004,11/8/2003 0:00,4,11,2003
2005,2005,11/27/2003 0:00,4,11,2003
2006,2006,1/12/2004 0:00,1,1,2004
2007,2007,2/19/2004 0:00,1,2,2004
2008,2008,4/2/2004 0:00,2,4,2004
2009,2009,5/11/2004 0:00,2,5,2004
2010,2010,6/24/2004 0:00,2,6,2004
2011,2011,7/23/2004 0:00,3,7,2004
2012,2012,8/21/2004 0:00,3,8,2004
2013,2013,9/15/2004 0:00,3,9,2004
2014,2014,10/15/2004 0:00,4,10,2004
2015,2015,11/1/2004 0:00,4,11,2004
2016,2016,11/12/2004 0:00,4,11,2004
2017,2017,11/23/2004 0:00,4,11,2004
2018,2018,12/3/2004 0:00,4,12,2004
2019,2019,12/17/2004 0:00,4,12,2004
2020,2020,1/31/2005 0:00,1,1,2005
2021,2021,3/1/2005 0:00,1,3,2005
2022,2022,3/30/2005 0:00,1,3,2005
2023,2023,4/3/2005 0:00,2,4,2005
2024,2024,5/10/2005 0:00,2,5,2005
2025,2025,1/6/2003 0:00,1,1,2003
2026,2026,3/18/2003 0:00,1,3,2003
2027,2027,5/21/2003 0:00,2,5,2003
2028,2028,9/12/2003 0:00,3,9,2003
2029,2029,10/18/2003 0:00,4,10,2003
2030,2030,11/5/2003 0:00,4,11,2003
2031,2031,11/12/2003 0:00,4,11,2003
2032,2032,11/21/2003 0:00,4,11,2003
2033,2033,12/2/2003 0:00,4,12,2003
2034,2034,1/26/2004 0:00,1,1,2004
2035,2035,3/2/2004 0:00,1,3,2004
2036,2036,4/20/2004 0:00,2,4,2004
2037,2037,8/17/2004 0:00,3,8,2004
2038,2038,9/1/2004 0:00,3,9,2004
2039,2039,10/6/2004 0:00,4,10,2004
2040,2040,10/21/2004 0:00,4,10,2004
2041,2041,11/17/2004 0:00,4,11,2004
2042,2042,11/29/2004 0:00,4,11,2004
2043,2043,1/19/2005 0:00,1,1,2005
2044,2044,2/16/2005 0:00,1,2,2005
2045,2045,4/22/2005 0:00,2,4,2005
2046,2046,5/29/2005 0:00,2,5,2005
2047,2047,1/31/2003 0:00,1,1,2003
2048,2048,4/4/2003 0:00,2,4,2003
2049,2049,6/3/2003 0:00,2,6,2003
2050,2050,8/1/2003 0:00,3,8,2003
2051,2051,9/25/2003 0:00,3,9,2003
2052,2052,10/22/2003 0:00,4,10,2003
2053,2053,11/6/2003 0:00,4,11,2003
2054,2054,11/14/2003 0:00,4,11,2003
2055,2055,11/25/2003 0:00,4,11,2003
2056,2056,12/9/2003 0:00,4,12,2003
2057,2057,2/12/2004 0:00,1,2,2004
2058,2058,3/15/2004 0:00,1,3,2004
2059,2059,5/5/2004 0:00,2,5,2004
2060,2060,7/20/2004 0:00,3,7,2004
2061,2061,8/20/2004 0:00,3,8,2004
2062,2062,9/8/2004 0:00,3,9,2004
2063,2063,10/13/2004 0:00,4,10,2004
2064,2064,10/22/2004 0:00,4,10,2004
2065,2065,11/5/2004 0:00,4,11,2004
2066,2066,11/20/2004 0:00,4,11,2004
2067,2067,12/1/2004 0:00,4,12,2004
2068,2068,12/15/2004 0:00,4,12,2004
2069,2069,1/23/2005 0:00,1,1,2005
2070,2070,2/22/2005 0:00,1,2,2005
2071,2071,3/15/2005 0:00,1,3,2005
2072,2072,5/3/2005 0:00,2,5,2005
2073,2073,1/29/2003 0:00,1,1,2003
2074,2074,3/25/2003 0:00,1,3,2003
2075,2075,5/28/2003 0:00,2,5,2003
2076,2076,7/16/2003 0:00,3,7,2003
2077,2077,9/12/2003 0:00,3,9,2003
2078,2078,10/20/2003 0:00,4,10,2003
2079,2079,11/5/2003 0:00,4,11,2003
2080,2080,11/13/2003 0:00,4,11,2003
2081,2081,11/21/2003 0:00,4,11,2003
2082,2082,12/5/2003 0:00,4,12,2003
2083,2083,1/29/2004 0:00,1,1,2004
2084,2084,3/10/2004 0:00,1,3,2004
2085,2085,4/29/2004 0:00,2,4,2004
2086,2086,6/14/2004 0:00,2,6,2004
2087,2087,7/16/2004 0:00,3,7,2004
2088,2088,8/17/2004 0:00,3,8,2004
2089,2089,9/7/2004 0:00,3,9,2004
2090,2090,10/11/2004 0:00,4,10,2004
2091,2091,10/21/2004 0:00,4,10,2004
2092,2092,11/5/2004 0:00,4,11,2004
2093,2093,11/18/2004 0:00,4,11,2004
2094,2094,11/1/2004 0:00,4,11,2004
2095,2095,12/10/2004 0:00,4,12,2004
2096,2096,1/20/2005 0:00,1,1,2005
2097,2097,2/17/2005 0:00,1,2,2005
2098,2098,5/30/2005 0:00,2,5,2005
2099,2099,2/17/2003 0:00,1,2,2003
2100,2100,4/29/2003 0:00,2,4,2003
2101,2101,6/27/2003 0:00,2,6,2003
2102,2102,8/25/2003 0:00,3,8,2003
2103,2103,10/28/2003 0:00,4,10,2003
2104,2104,1/12/2004 0:00,1,1,2004
2105,2105,2/20/2004 0:00,1,2,2004
2106,2106,4/2/2004 0:00,2,4,2004
2107,2107,5/11/2004 0:00,2,5,2004
2108,2108,6/28/2004 0:00,2,6,2004
2109,2109,7/23/2004 0:00,3,7,2004
2110,2110,8/21/2004 0:00,3,8,2004
2111,2111,9/16/2004 0:00,3,9,2004
2112,2112,10/15/2004 0:00,4,10,2004
2113,2113,11/2/2004 0:00,4,11,2004
2114,2114,11/12/2004 0:00,4,11,2004
2115,2115,11/24/2004 0:00,4,11,2004
2116,2116,12/4/2004 0:00,4,12,2004
2117,2117,12/17/2004 0:00,4,12,2004
2118,2118,2/3/2005 0:00,1,2,2005
2119,2119,3/1/2005 0:00,1,3,2005
2120,2120,3/30/2005 0:00,1,3,2005
2121,2121,4/3/2005 0:00,2,4,2005
2122,2122,5/10/2005 0:00,2,5,2005
2123,2123,3/3/2003 0:00,1,3,2003
2124,2124,5/8/2003 0:00,2,5,2003
2125,2125,7/2/2003 0:00,3,7,2003
2126,2126,9/5/2003 0:00,3,9,2003
2127,2127,10/10/2003 0:00,4,10,2003
2128,2128,11/4/2003 0:00,4,11,2003
2129,2129,11/11/2003 0:00,4,11,2003
2130,2130,11/20/2003 0:00,4,11,2003
2131,2131,1/15/2004 0:00,1,1,2004
2132,2132,2/22/2004 0:00,1,2,2004
2133,2133,4/9/2004 0:00,2,4,2004
2134,2134,5/26/2004 0:00,2,5,2004
2135,2135,6/30/2004 0:00,2,6,2004
2136,2136,8/2/2004 0:00,3,8,2004
2137,2137,8/30/2004 0:00,3,8,2004
2138,2138,9/30/2004 0:00,3,9,2004
2139,2139,10/16/2004 0:00,4,10,2004
2140,2140,11/3/2004 0:00,4,11,2004
2141,2141,11/17/2004 0:00,4,11,2004
2142,2142,11/24/2004 0:00,4,11,2004
2143,2143,12/7/2004 0:00,4,12,2004
2144,2144,1/6/2005 0:00,1,1,2005
2145,2145,2/10/2005 0:00,1,2,2005
2146,2146,3/4/2005 0:00,1,3,2005
2147,2147,1/29/2003 0:00,1,1,2003
2148,2148,4/1/2003 0:00,2,4,2003
2149,2149,5/28/2003 0:00,2,5,2003
2150,2150,7/24/2003 0:00,3,7,2003
2151,2151,9/21/2003 0:00,3,9,2003
2152,2152,10/21/2003 0:00,4,10,2003
2153,2153,11/6/2003 0:00,4,11,2003
2154,2154,11/14/2003 0:00,4,11,2003
2155,2155,11/25/2003 0:00,4,11,2003
2156,2156,12/9/2003 0:00,4,12,2003
2157,2157,2/4/2004 0:00,1,2,2004
2158,2158,3/11/2004 0:00,1,3,2004
2159,2159,5/4/2004 0:00,2,5,2004
2160,2160,6/15/2004 0:00,2,6,2004
2161,2161,7/19/2004 0:00,3,7,2004
2162,2162,8/19/2004 0:00,3,8,2004
2163,2163,9/8/2004 0:00,3,9,2004
2164,2164,10/13/2004 0:00,4,10,2004
2165,2165,10/22/2004 0:00,4,10,2004
2166,2166,11/5/2004 0:00,4,11,2004
2167,2167,11/19/2004 0:00,4,11,2004
2168,2168,11/1/2004 0:00,4,11,2004
2169,2169,12/10/2004 0:00,4,12,2004
2170,2170,1/23/2005 0:00,1,1,2005
2171,2171,2/17/2005 0:00,1,2,2005
2172,2172,5/1/2005 0:00,2,5,2005
2173,2173,5/31/2005 0:00,2,5,2005
2174,2174,2/24/2003 0:00,1,2,2003
2175,2175,4/29/2003 0:00,2,4,2003
2176,2176,6/27/2003 0:00,2,6,2003
2177,2177,8/25/2003 0:00,3,8,2003
2178,2178,10/28/2003 0:00,4,10,2003
2179,2179,11/18/2003 0:00,4,11,2003
2180,2180,1/12/2004 0:00,1,1,2004
2181,2181,2/20/2004 0:00,1,2,2004
2182,2182,4/2/2004 0:00,2,4,2004
2183,2183,5/11/2004 0:00,2,5,2004
2184,2184,6/28/2004 0:00,2,6,2004
2185,2185,7/23/2004 0:00,3,7,2004
2186,2186,8/27/2004 0:00,3,8,2004
2187,2187,9/16/2004 0:00,3,9,2004
2188,2188,10/15/2004 0:00,4,10,2004
2189,2189,11/2/2004 0:00,4,11,2004
2190,2190,11/15/2004 0:00,4,11,2004
2191,2191,11/24/2004 0:00,4,11,2004
2192,2192,12/4/2004 0:00,4,12,2004
2193,2193,1/6/2005 0:00,1,1,2005
2194,2194,2/3/2005 0:00,1,2,2005
2195,2195,3/2/2005 0:00,1,3,2005
2196,2196,4/3/2005 0:00,2,4,2005
2197,2197,5/10/2005 0:00,2,5,2005
2198,2198,3/3/2003 0:00,1,3,2003
2199,2199,5/8/2003 0:00,2,5,2003
2200,2200,7/2/2003 0:00,3,7,2003
2201,2201,8/25/2003 0:00,3,8,2003
2202,2202,10/10/2003 0:00,4,10,2003
2203,2203,11/4/2003 0:00,4,11,2003
2204,2204,11/11/2003 0:00,4,11,2003
2205,2205,11/19/2003 0:00,4,11,2003
2206,2206,1/15/2004 0:00,1,1,2004
2207,2207,2/21/2004 0:00,1,2,2004
2208,2208,4/5/2004 0:00,2,4,2004
2209,2209,5/26/2004 0:00,2,5,2004
2210,2210,6/30/2004 0:00,2,6,2004
2211,2211,8/2/2004 0:00,3,8,2004
2212,2212,8/27/2004 0:00,3,8,2004
2213,2213,9/30/2004 0:00,3,9,2004
2214,2214,10/16/2004 0:00,4,10,2004
2215,2215,11/3/2004 0:00,4,11,2004
2216,2216,11/17/2004 0:00,4,11,2004
2217,2217,11/24/2004 0:00,4,11,2004
2218,2218,12/7/2004 0:00,4,12,2004
2219,2219,1/6/2005 0:00,1,1,2005
2220,2220,2/10/2005 0:00,1,2,2005
2221,2221,3/4/2005 0:00,1,3,2005
2222,2222,4/8/2005 0:00,2,4,2005
2223,2223,1/31/2003 0:00,1,1,2003
2224,2224,4/1/2003 0:00,2,4,2003
2225,2225,6/3/2003 0:00,2,6,2003
2226,2226,8/1/2003 0:00,3,8,2003
2227,2227,9/21/2003 0:00,3,9,2003
2228,2228,10/22/2003 0:00,4,10,2003
2229,2229,11/6/2003 0:00,4,11,2003
2230,2230,11/14/2003 0:00,4,11,2003
2231,2231,11/25/2003 0:00,4,11,2003
2232,2232,12/9/2003 0:00,4,12,2003
2233,2233,2/10/2004 0:00,1,2,2004
2234,2234,3/11/2004 0:00,1,3,2004
2235,2235,5/5/2004 0:00,2,5,2004
2236,2236,6/15/2004 0:00,2,6,2004
2237,2237,7/20/2004 0:00,3,7,2004
2238,2238,8/19/2004 0:00,3,8,2004
2239,2239,9/8/2004 0:00,3,9,2004
2240,2240,10/13/2004 0:00,4,10,2004
2241,2241,10/22/2004 0:00,4,10,2004
2242,2242,11/5/2004 0:00,4,11,2004
2243,2243,11/19/2004 0:00,4,11,2004
2244,2244,12/1/2004 0:00,4,12,2004
2245,2245,12/15/2004 0:00,4,12,2004
2246,2246,1/23/2005 0:00,1,1,2005
2247,2247,2/22/2005 0:00,1,2,2005
2248,2248,3/15/2005 0:00,1,3,2005
2249,2249,5/3/2005 0:00,2,5,2005
2250,2250,5/31/2005 0:00,2,5,2005
2251,2251,1/31/2003 0:00,1,1,2003
2252,2252,4/11/2003 0:00,2,4,2003
2253,2253,6/3/2003 0:00,2,6,2003
2254,2254,8/8/2003 0:00,3,8,2003
2255,2255,9/25/2003 0:00,3,9,2003
2256,2256,10/22/2003 0:00,4,10,2003
2257,2257,11/6/2003 0:00,4,11,2003
2258,2258,11/14/2003 0:00,4,11,2003
2259,2259,11/25/2003 0:00,4,11,2003
2260,2260,12/9/2003 0:00,4,12,2003
2261,2261,2/12/2004 0:00,1,2,2004
2262,2262,3/15/2004 0:00,1,3,2004
2263,2263,5/5/2004 0:00,2,5,2004
2264,2264,7/20/2004 0:00,3,7,2004
2265,2265,8/20/2004 0:00,3,8,2004
2266,2266,9/8/2004 0:00,3,9,2004
2267,2267,10/14/2004 0:00,4,10,2004
2268,2268,10/22/2004 0:00,4,10,2004
2269,2269,11/5/2004 0:00,4,11,2004
2270,2270,11/20/2004 0:00,4,11,2004
2271,2271,12/2/2004 0:00,4,12,2004
2272,2272,12/15/2004 0:00,4,12,2004
2273,2273,1/23/2005 0:00,1,1,2005
2274,2274,2/22/2005 0:00,1,2,2005
2275,2275,3/15/2005 0:00,1,3,2005
2276,2276,5/5/2005 0:00,2,5,2005
2277,2277,1/29/2003 0:00,1,1,2003
2278,2278,3/26/2003 0:00,1,3,2003
2279,2279,5/28/2003 0:00,2,5,2003
2280,2280,7/24/2003 0:00,3,7,2003
2281,2281,9/19/2003 0:00,3,9,2003
2282,2282,10/21/2003 0:00,4,10,2003
2283,2283,11/6/2003 0:00,4,11,2003
2284,2284,11/13/2003 0:00,4,11,2003
2285,2285,11/25/2003 0:00,4,11,2003
2286,2286,12/5/2003 0:00,4,12,2003
2287,2287,2/4/2004 0:00,1,2,2004
2288,2288,3/11/2004 0:00,1,3,2004
2289,2289,5/4/2004 0:00,2,5,2004
2290,2290,6/15/2004 0:00,2,6,2004
2291,2291,7/19/2004 0:00,3,7,2004
2292,2292,8/19/2004 0:00,3,8,2004
2293,2293,9/8/2004 0:00,3,9,2004
2294,2294,10/11/2004 0:00,4,10,2004
2295,2295,10/22/2004 0:00,4,10,2004
2296,2296,11/5/2004 0:00,4,11,2004
2297,2297,11/18/2004 0:00,4,11,2004
2298,2298,11/1/2004 0:00,4,11,2004
2299,2299,12/10/2004 0:00,4,12,2004
2300,2300,1/20/2005 0:00,1,1,2005
2301,2301,2/17/2005 0:00,1,2,2005
2302,2302,5/1/2005 0:00,2,5,2005
2303,2303,5/31/2005 0:00,2,5,2005
2304,2304,2/17/2003 0:00,1,2,2003
2305,2305,4/29/2003 0:00,2,4,2003
2306,2306,6/27/2003 0:00,2,6,2003
2307,2307,8/13/2003 0:00,3,8,2003
2308,2308,10/28/2003 0:00,4,10,2003
2309,2309,1/12/2004 0:00,1,1,2004
2310,2310,2/20/2004 0:00,1,2,2004
2311,2311,4/2/2004 0:00,2,4,2004
2312,2312,5/11/2004 0:00,2,5,2004
2313,2313,6/24/2004 0:00,2,6,2004
2314,2314,7/23/2004 0:00,3,7,2004
2315,2315,8/21/2004 0:00,3,8,2004
2316,2316,9/16/2004 0:00,3,9,2004
2317,2317,10/15/2004 0:00,4,10,2004
2318,2318,11/1/2004 0:00,4,11,2004
2319,2319,11/12/2004 0:00,4,11,2004
2320,2320,11/24/2004 0:00,4,11,2004
2321,2321,12/4/2004 0:00,4,12,2004
2322,2322,12/17/2004 0:00,4,12,2004
2323,2323,2/3/2005 0:00,1,2,2005
2324,2324,3/3/2005 0:00,1,3,2005
2325,2325,3/30/2005 0:00,1,3,2005
2326,2326,4/3/2005 0:00,2,4,2005
2327,2327,5/10/2005 0:00,2,5,2005
2328,2328,3/3/2003 0:00,1,3,2003
2329,2329,5/7/2003 0:00,2,5,2003
2330,2330,7/2/2003 0:00,3,7,2003
2331,2331,8/25/2003 0:00,3,8,2003
2332,2332,10/10/2003 0:00,4,10,2003
2333,2333,11/4/2003 0:00,4,11,2003
2334,2334,11/11/2003 0:00,4,11,2003
2335,2335,11/19/2003 0:00,4,11,2003
2336,2336,1/15/2004 0:00,1,1,2004
2337,2337,2/21/2004 0:00,1,2,2004
2338,2338,4/5/2004 0:00,2,4,2004
2339,2339,5/26/2004 0:00,2,5,2004
2340,2340,6/30/2004 0:00,2,6,2004
2341,2341,8/2/2004 0:00,3,8,2004
2342,2342,8/27/2004 0:00,3,8,2004
2343,2343,9/30/2004 0:00,3,9,2004
2344,2344,10/15/2004 0:00,4,10,2004
2345,2345,11/3/2004 0:00,4,11,2004
2346,2346,11/17/2004 0:00,4,11,2004
2347,2347,11/24/2004 0:00,4,11,2004
2348,2348,12/7/2004 0:00,4,12,2004
2349,2349,1/7/2005 0:00,1,1,2005
2350,2350,2/3/2005 0:00,1,2,2005
2351,2351,3/4/2005 0:00,1,3,2005
2352,2352,4/8/2005 0:00,2,4,2005
2353,2353,2/17/2003 0:00,1,2,2003
2354,2354,4/29/2003 0:00,2,4,2003
2355,2355,6/27/2003 0:00,2,6,2003
2356,2356,8/10/2003 0:00,3,8,2003
2357,2357,10/8/2003 0:00,4,10,2003
2358,2358,10/28/2003 0:00,4,10,2003
2359,2359,12/1/2003 0:00,4,12,2003
2360,2360,1/12/2004 0:00,1,1,2004
2361,2361,2/20/2004 0:00,1,2,2004
2362,2362,4/2/2004 0:00,2,4,2004
2363,2363,5/11/2004 0:00,2,5,2004
2364,2364,6/24/2004 0:00,2,6,2004
2365,2365,7/23/2004 0:00,3,7,2004
2366,2366,8/21/2004 0:00,3,8,2004
2367,2367,9/15/2004 0:00,3,9,2004
2368,2368,10/15/2004 0:00,4,10,2004
2369,2369,11/1/2004 0:00,4,11,2004
2370,2370,11/12/2004 0:00,4,11,2004
2371,2371,11/24/2004 0:00,4,11,2004
2372,2372,12/4/2004 0:00,4,12,2004
2373,2373,12/17/2004 0:00,4,12,2004
2374,2374,2/3/2005 0:00,1,2,2005
2375,2375,3/3/2005 0:00,1,3,2005
2376,2376,3/30/2005 0:00,1,3,2005
2377,2377,4/3/2005 0:00,2,4,2005
2378,2378,5/10/2005 0:00,2,5,2005
2379,2379,1/31/2003 0:00,1,1,2003
2380,2380,4/4/2003 0:00,2,4,2003
2381,2381,6/3/2003 0:00,2,6,2003
2382,2382,8/1/2003 0:00,3,8,2003
2383,2383,9/21/2003 0:00,3,9,2003
2384,2384,10/22/2003 0:00,4,10,2003
2385,2385,11/6/2003 0:00,4,11,2003
2386,2386,11/14/2003 0:00,4,11,2003
2387,2387,11/25/2003 0:00,4,11,2003
2388,2388,12/9/2003 0:00,4,12,2003
2389,2389,2/12/2004 0:00,1,2,2004
2390,2390,3/15/2004 0:00,1,3,2004
2391,2391,5/5/2004 0:00,2,5,2004
2392,2392,6/15/2004 0:00,2,6,2004
2393,2393,7/20/2004 0:00,3,7,2004
2394,2394,8/20/2004 0:00,3,8,2004
2395,2395,9/8/2004 0:00,3,9,2004
2396,2396,10/13/2004 0:00,4,10,2004
2397,2397,10/22/2004 0:00,4,10,2004
2398,2398,11/5/2004 0:00,4,11,2004
2399,2399,11/20/2004 0:00,4,11,2004
2400,2400,12/2/2004 0:00,4,12,2004
2401,2401,12/15/2004 0:00,4,12,2004
2402,2402,1/23/2005 0:00,1,1,2005
2403,2403,2/22/2005 0:00,1,2,2005
2404,2404,3/17/2005 0:00,1,3,2005
2405,2405,5/3/2005 0:00,2,5,2005
2406,2406,5/31/2005 0:00,2,5,2005
2407,2407,1/31/2003 0:00,1,1,2003
2408,2408,4/16/2003 0:00,2,4,2003
2409,2409,6/3/2003 0:00,2,6,2003
2410,2410,8/8/2003 0:00,3,8,2003
2411,2411,9/28/2003 0:00,3,9,2003
2412,2412,10/22/2003 0:00,4,10,2003
2413,2413,11/6/2003 0:00,4,11,2003
2414,2414,11/14/2003 0:00,4,11,2003
2415,2415,11/26/2003 0:00,4,11,2003
2416,2416,1/2/2004 0:00,1,1,2004
2417,2417,2/12/2004 0:00,1,2,2004
2418,2418,3/15/2004 0:00,1,3,2004
2419,2419,5/5/2004 0:00,2,5,2004
2420,2420,7/20/2004 0:00,3,7,2004
2421,2421,8/20/2004 0:00,3,8,2004
2422,2422,9/8/2004 0:00,3,9,2004
2423,2423,10/14/2004 0:00,4,10,2004
2424,2424,10/22/2004 0:00,4,10,2004
2425,2425,11/5/2004 0:00,4,11,2004
2426,2426,11/21/2004 0:00,4,11,2004
2427,2427,12/2/2004 0:00,4,12,2004
2428,2428,12/15/2004 0:00,4,12,2004
2429,2429,1/26/2005 0:00,1,1,2005
2430,2430,2/22/2005 0:00,1,2,2005
2431,2431,3/17/2005 0:00,1,3,2005
2432,2432,5/5/2005 0:00,2,5,2005
2433,2433,3/3/2003 0:00,1,3,2003
2434,2434,5/7/2003 0:00,2,5,2003
2435,2435,7/2/2003 0:00,3,7,2003
2436,2436,8/25/2003 0:00,3,8,2003
2437,2437,10/10/2003 0:00,4,10,2003
2438,2438,11/4/2003 0:00,4,11,2003
2439,2439,11/11/2003 0:00,4,11,2003
2440,2440,11/19/2003 0:00,4,11,2003
2441,2441,1/15/2004 0:00,1,1,2004
2442,2442,2/21/2004 0:00,1,2,2004
2443,2443,4/5/2004 0:00,2,4,2004
2444,2444,5/26/2004 0:00,2,5,2004
2445,2445,6/30/2004 0:00,2,6,2004
2446,2446,8/2/2004 0:00,3,8,2004
2447,2447,8/27/2004 0:00,3,8,2004
2448,2448,9/30/2004 0:00,3,9,2004
2449,2449,10/15/2004 0:00,4,10,2004
2450,2450,11/3/2004 0:00,4,11,2004
2451,2451,11/17/2004 0:00,4,11,2004
2452,2452,11/24/2004 0:00,4,11,2004
2453,2453,12/9/2004 0:00,4,12,2004
2454,2454,1/7/2005 0:00,1,1,2005
2455,2455,2/3/2005 0:00,1,2,2005
2456,2456,3/4/2005 0:00,1,3,2005
2457,2457,4/8/2005 0:00,2,4,2005
2458,2458,2/11/2003 0:00,1,2,2003
2459,2459,4/28/2003 0:00,2,4,2003
2460,2460,6/12/2003 0:00,2,6,2003
2461,2461,8/8/2003 0:00,3,8,2003
2462,2462,9/28/2003 0:00,3,9,2003
2463,2463,10/23/2003 0:00,4,10,2003
2464,2464,11/7/2003 0:00,4,11,2003
2465,2465,11/14/2003 0:00,4,11,2003
2466,2466,11/26/2003 0:00,4,11,2003
2467,2467,1/2/2004 0:00,1,1,2004
2468,2468,2/19/2004 0:00,1,2,2004
2469,2469,3/29/2004 0:00,1,3,2004
2470,2470,5/7/2004 0:00,2,5,2004
2471,2471,6/17/2004 0:00,2,6,2004
2472,2472,7/21/2004 0:00,3,7,2004
2473,2473,8/20/2004 0:00,3,8,2004
2474,2474,9/10/2004 0:00,3,9,2004
2475,2475,10/14/2004 0:00,4,10,2004
2476,2476,10/29/2004 0:00,4,10,2004
2477,2477,11/9/2004 0:00,4,11,2004
2478,2478,11/23/2004 0:00,4,11,2004
2479,2479,12/2/2004 0:00,4,12,2004
2480,2480,1/31/2005 0:00,1,1,2005
2481,2481,2/28/2005 0:00,1,2,2005
2482,2482,3/23/2005 0:00,1,3,2005
2483,2483,5/6/2005 0:00,2,5,2005
2484,2484,2/17/2003 0:00,1,2,2003
2485,2485,4/29/2003 0:00,2,4,2003
2486,2486,6/27/2003 0:00,2,6,2003
2487,2487,8/10/2003 0:00,3,8,2003
2488,2488,10/8/2003 0:00,4,10,2003
2489,2489,10/28/2003 0:00,4,10,2003
2490,2490,12/1/2003 0:00,4,12,2003
2491,2491,1/12/2004 0:00,1,1,2004
2492,2492,2/20/2004 0:00,1,2,2004
2493,2493,4/2/2004 0:00,2,4,2004
2494,2494,5/11/2004 0:00,2,5,2004
2495,2495,6/24/2004 0:00,2,6,2004
2496,2496,7/23/2004 0:00,3,7,2004
2497,2497,8/21/2004 0:00,3,8,2004
2498,2498,9/15/2004 0:00,3,9,2004
2499,2499,10/15/2004 0:00,4,10,2004
2500,2500,11/1/2004 0:00,4,11,2004
2501,2501,11/12/2004 0:00,4,11,2004
2502,2502,11/24/2004 0:00,4,11,2004
2503,2503,12/4/2004 0:00,4,12,2004
2504,2504,12/17/2004 0:00,4,12,2004
2505,2505,2/3/2005 0:00,1,2,2005
2506,2506,3/3/2005 0:00,1,3,2005
2507,2507,3/30/2005 0:00,1,3,2005
2508,2508,4/3/2005 0:00,2,4,2005
2509,2509,5/10/2005 0:00,2,5,2005
2510,2510,2/11/2003 0:00,1,2,2003
2511,2511,4/16/2003 0:00,2,4,2003
2512,2512,6/6/2003 0:00,2,6,2003
2513,2513,8/8/2003 0:00,3,8,2003
2514,2514,9/28/2003 0:00,3,9,2003
2515,2515,10/21/2003 0:00,4,10,2003
2516,2516,11/7/2003 0:00,4,11,2003
2517,2517,11/14/2003 0:00,4,11,2003
2518,2518,11/26/2003 0:00,4,11,2003
2519,2519,1/2/2004 0:00,1,1,2004
2520,2520,2/18/2004 0:00,1,2,2004
2521,2521,3/20/2004 0:00,1,3,2004
2522,2522,5/7/2004 0:00,2,5,2004
2523,2523,7/21/2004 0:00,3,7,2004
2524,2524,8/20/2004 0:00,3,8,2004
2525,2525,9/9/2004 0:00,3,9,2004
2526,2526,10/14/2004 0:00,4,10,2004
2527,2527,10/22/2004 0:00,4,10,2004
2528,2528,11/10/2004 0:00,4,11,2004
2529,2529,11/21/2004 0:00,4,11,2004
2530,2530,12/2/2004 0:00,4,12,2004
2531,2531,1/26/2005 0:00,1,1,2005
2532,2532,2/23/2005 0:00,1,2,2005
2533,2533,3/28/2005 0:00,1,3,2005
2534,2534,5/6/2005 0:00,2,5,2005
2535,2535,2/17/2003 0:00,1,2,2003
2536,2536,4/28/2003 0:00,2,4,2003
2537,2537,6/16/2003 0:00,2,6,2003
2538,2538,8/10/2003 0:00,3,8,2003
2539,2539,10/6/2003 0:00,4,10,2003
2540,2540,10/23/2003 0:00,4,10,2003
2541,2541,11/8/2003 0:00,4,11,2003
2542,2542,11/14/2003 0:00,4,11,2003
2543,2543,11/26/2003 0:00,4,11,2003
2544,2544,1/9/2004 0:00,1,1,2004
2545,2545,2/19/2004 0:00,1,2,2004
2546,2546,5/8/2004 0:00,2,5,2004
2547,2547,6/24/2004 0:00,2,6,2004
2548,2548,7/21/2004 0:00,3,7,2004
2549,2549,8/20/2004 0:00,3,8,2004
2550,2550,9/15/2004 0:00,3,9,2004
2551,2551,10/14/2004 0:00,4,10,2004
2552,2552,11/1/2004 0:00,4,11,2004
2553,2553,11/12/2004 0:00,4,11,2004
2554,2554,11/23/2004 0:00,4,11,2004
2555,2555,12/3/2004 0:00,4,12,2004
2556,2556,12/17/2004 0:00,4,12,2004
2557,2557,1/31/2005 0:00,1,1,2005
2558,2558,3/1/2005 0:00,1,3,2005
2559,2559,3/30/2005 0:00,1,3,2005
2560,2560,4/1/2005 0:00,2,4,2005
2561,2561,5/9/2005 0:00,2,5,2005
2562,2562,2/17/2003 0:00,1,2,2003
2563,2563,4/29/2003 0:00,2,4,2003
2564,2564,6/16/2003 0:00,2,6,2003
2565,2565,8/10/2003 0:00,3,8,2003
2566,2566,10/6/2003 0:00,4,10,2003
2567,2567,10/28/2003 0:00,4,10,2003
2568,2568,11/8/2003 0:00,4,11,2003
2569,2569,11/27/2003 0:00,4,11,2003
2570,2570,1/12/2004 0:00,1,1,2004
2571,2571,2/19/2004 0:00,1,2,2004
2572,2572,4/2/2004 0:00,2,4,2004
2573,2573,5/11/2004 0:00,2,5,2004
2574,2574,6/24/2004 0:00,2,6,2004
2575,2575,7/23/2004 0:00,3,7,2004
2576,2576,8/21/2004 0:00,3,8,2004
2577,2577,9/15/2004 0:00,3,9,2004
2578,2578,10/15/2004 0:00,4,10,2004
2579,2579,11/1/2004 0:00,4,11,2004
2580,2580,11/12/2004 0:00,4,11,2004
2581,2581,11/24/2004 0:00,4,11,2004
2582,2582,12/3/2004 0:00,4,12,2004
2583,2583,12/17/2004 0:00,4,12,2004
2584,2584,2/3/2005 0:00,1,2,2005
2585,2585,3/1/2005 0:00,1,3,2005
2586,2586,3/30/2005 0:00,1,3,2005
2587,2587,4/3/2005 0:00,2,4,2005
2588,2588,5/10/2005 0:00,2,5,2005
2589,2589,2/11/2003 0:00,1,2,2003
2590,2590,4/28/2003 0:00,2,4,2003
2591,2591,6/12/2003 0:00,2,6,2003
2592,2592,8/10/2003 0:00,3,8,2003
2593,2593,10/2/2003 0:00,4,10,2003
2594,2594,10/23/2003 0:00,4,10,2003
2595,2595,11/7/2003 0:00,4,11,2003
2596,2596,11/14/2003 0:00,4,11,2003
2597,2597,11/26/2003 0:00,4,11,2003
2598,2598,1/2/2004 0:00,1,1,2004
2599,2599,2/19/2004 0:00,1,2,2004
2600,2600,3/29/2004 0:00,1,3,2004
2601,2601,5/7/2004 0:00,2,5,2004
2602,2602,6/17/2004 0:00,2,6,2004
2603,2603,7/21/2004 0:00,3,7,2004
2604,2604,8/20/2004 0:00,3,8,2004
2605,2605,9/10/2004 0:00,3,9,2004
2606,2606,10/14/2004 0:00,4,10,2004
2607,2607,11/1/2004 0:00,4,11,2004
2608,2608,11/10/2004 0:00,4,11,2004
2609,2609,11/23/2004 0:00,4,11,2004
2610,2610,12/2/2004 0:00,4,12,2004
2611,2611,1/31/2005 0:00,1,1,2005
2612,2612,3/1/2005 0:00,1,3,2005
2613,2613,3/28/2005 0:00,1,3,2005
2614,2614,5/6/2005 0:00,2,5,2005
2615,2615,1/29/2003 0:00,1,1,2003
2616,2616,4/1/2003 0:00,2,4,2003
2617,2617,5/28/2003 0:00,2,5,2003
2618,2618,7/24/2003 0:00,3,7,2003
2619,2619,9/19/2003 0:00,3,9,2003
2620,2620,10/21/2003 0:00,4,10,2003
2621,2621,11/6/2003 0:00,4,11,2003
2622,2622,11/13/2003 0:00,4,11,2003
2623,2623,11/25/2003 0:00,4,11,2003
2624,2624,12/5/2003 0:00,4,12,2003
2625,2625,2/4/2004 0:00,1,2,2004
2626,2626,3/11/2004 0:00,1,3,2004
2627,2627,5/4/2004 0:00,2,5,2004
2628,2628,6/15/2004 0:00,2,6,2004
2629,2629,7/19/2004 0:00,3,7,2004
2630,2630,8/19/2004 0:00,3,8,2004
2631,2631,9/8/2004 0:00,3,9,2004
2632,2632,10/11/2004 0:00,4,10,2004
2633,2633,10/22/2004 0:00,4,10,2004
2634,2634,11/5/2004 0:00,4,11,2004
2635,2635,11/20/2004 0:00,4,11,2004
2636,2636,11/1/2004 0:00,4,11,2004
2637,2637,12/10/2004 0:00,4,12,2004
2638,2638,1/23/2005 0:00,1,1,2005
2639,2639,2/17/2005 0:00,1,2,2005
2640,2640,5/1/2005 0:00,2,5,2005
2641,2641,5/31/2005 0:00,2,5,2005
2642,2642,2/17/2003 0:00,1,2,2003
2643,2643,4/29/2003 0:00,2,4,2003
2644,2644,6/27/2003 0:00,2,6,2003
2645,2645,8/25/2003 0:00,3,8,2003
2646,2646,10/28/2003 0:00,4,10,2003
2647,2647,11/18/2003 0:00,4,11,2003
2648,2648,1/12/2004 0:00,1,1,2004
2649,2649,2/20/2004 0:00,1,2,2004
2650,2650,4/2/2004 0:00,2,4,2004
2651,2651,5/11/2004 0:00,2,5,2004
2652,2652,6/28/2004 0:00,2,6,2004
2653,2653,7/23/2004 0:00,3,7,2004
2654,2654,8/27/2004 0:00,3,8,2004
2655,2655,9/16/2004 0:00,3,9,2004
2656,2656,10/15/2004 0:00,4,10,2004
2657,2657,11/2/2004 0:00,4,11,2004
2658,2658,11/12/2004 0:00,4,11,2004
2659,2659,11/24/2004 0:00,4,11,2004
2660,2660,12/4/2004 0:00,4,12,2004
2661,2661,12/17/2004 0:00,4,12,2004
2662,2662,2/3/2005 0:00,1,2,2005
2663,2663,3/3/2005 0:00,1,3,2005
2664,2664,3/30/2005 0:00,1,3,2005
2665,2665,4/3/2005 0:00,2,4,2005
2666,2666,5/10/2005 0:00,2,5,2005
2667,2667,2/17/2003 0:00,1,2,2003
2668,2668,4/29/2003 0:00,2,4,2003
2669,2669,8/10/2003 0:00,3,8,2003
2670,2670,10/6/2003 0:00,4,10,2003
2671,2671,10/28/2003 0:00,4,10,2003
2672,2672,12/1/2003 0:00,4,12,2003
2673,2673,1/12/2004 0:00,1,1,2004
2674,2674,2/20/2004 0:00,1,2,2004
2675,2675,4/2/2004 0:00,2,4,2004
2676,2676,5/11/2004 0:00,2,5,2004
2677,2677,6/24/2004 0:00,2,6,2004
2678,2678,7/23/2004 0:00,3,7,2004
2679,2679,8/21/2004 0:00,3,8,2004
2680,2680,9/15/2004 0:00,3,9,2004
2681,2681,10/15/2004 0:00,4,10,2004
2682,2682,11/1/2004 0:00,4,11,2004
2683,2683,11/12/2004 0:00,4,11,2004
2684,2684,11/24/2004 0:00,4,11,2004
2685,2685,12/4/2004 0:00,4,12,2004
2686,2686,12/17/2004 0:00,4,12,2004
2687,2687,2/3/2005 0:00,1,2,2005
2688,2688,3/1/2005 0:00,1,3,2005
2689,2689,3/30/2005 0:00,1,3,2005
2690,2690,4/3/2005 0:00,2,4,2005
2691,2691,5/10/2005 0:00,2,5,2005
2692,2692,2/11/2003 0:00,1,2,2003
2693,2693,4/21/2003 0:00,2,4,2003
2694,2694,6/12/2003 0:00,2,6,2003
2695,2695,8/8/2003 0:00,3,8,2003
2696,2696,9/28/2003 0:00,3,9,2003
2697,2697,10/23/2003 0:00,4,10,2003
2698,2698,11/7/2003 0:00,4,11,2003
2699,2699,11/14/2003 0:00,4,11,2003
2700,2700,11/26/2003 0:00,4,11,2003
2701,2701,1/2/2004 0:00,1,1,2004
2702,2702,2/19/2004 0:00,1,2,2004
2703,2703,3/20/2004 0:00,1,3,2004
2704,2704,5/7/2004 0:00,2,5,2004
2705,2705,6/17/2004 0:00,2,6,2004
2706,2706,7/21/2004 0:00,3,7,2004
2707,2707,8/20/2004 0:00,3,8,2004
2708,2708,9/10/2004 0:00,3,9,2004
2709,2709,10/14/2004 0:00,4,10,2004
2710,2710,10/29/2004 0:00,4,10,2004
2711,2711,11/10/2004 0:00,4,11,2004
2712,2712,11/21/2004 0:00,4,11,2004
2713,2713,12/2/2004 0:00,4,12,2004
2714,2714,1/31/2005 0:00,1,1,2005
2715,2715,3/1/2005 0:00,1,3,2005
2716,2716,3/28/2005 0:00,1,3,2005
2717,2717,5/6/2005 0:00,2,5,2005
2718,2718,2/11/2003 0:00,1,2,2003
2719,2719,4/16/2003 0:00,2,4,2003
2720,2720,6/12/2003 0:00,2,6,2003
2721,2721,8/8/2003 0:00,3,8,2003
2722,2722,9/28/2003 0:00,3,9,2003
2723,2723,10/23/2003 0:00,4,10,2003
2724,2724,11/7/2003 0:00,4,11,2003
2725,2725,11/14/2003 0:00,4,11,2003
2726,2726,11/26/2003 0:00,4,11,2003
2727,2727,1/2/2004 0:00,1,1,2004
2728,2728,2/19/2004 0:00,1,2,2004
2729,2729,3/20/2004 0:00,1,3,2004
2730,2730,5/7/2004 0:00,2,5,2004
2731,2731,6/17/2004 0:00,2,6,2004
2732,2732,7/21/2004 0:00,3,7,2004
2733,2733,8/20/2004 0:00,3,8,2004
2734,2734,9/10/2004 0:00,3,9,2004
2735,2735,10/14/2004 0:00,4,10,2004
2736,2736,10/29/2004 0:00,4,10,2004
2737,2737,11/10/2004 0:00,4,11,2004
2738,2738,11/21/2004 0:00,4,11,2004
2739,2739,12/2/2004 0:00,4,12,2004
2740,2740,1/31/2005 0:00,1,1,2005
2741,2741,3/1/2005 0:00,1,3,2005
2742,2742,3/28/2005 0:00,1,3,2005
2743,2743,5/6/2005 0:00,2,5,2005
2744,2744,2/17/2003 0:00,1,2,2003
2745,2745,4/28/2003 0:00,2,4,2003
2746,2746,6/16/2003 0:00,2,6,2003
2747,2747,8/10/2003 0:00,3,8,2003
2748,2748,10/6/2003 0:00,4,10,2003
2749,2749,10/28/2003 0:00,4,10,2003
2750,2750,11/8/2003 0:00,4,11,2003
2751,2751,11/27/2003 0:00,4,11,2003
2752,2752,1/12/2004 0:00,1,1,2004
2753,2753,2/19/2004 0:00,1,2,2004
2754,2754,4/2/2004 0:00,2,4,2004
2755,2755,5/11/2004 0:00,2,5,2004
2756,2756,6/24/2004 0:00,2,6,2004
2757,2757,7/23/2004 0:00,3,7,2004
2758,2758,8/21/2004 0:00,3,8,2004
2759,2759,9/15/2004 0:00,3,9,2004
2760,2760,10/15/2004 0:00,4,10,2004
2761,2761,11/1/2004 0:00,4,11,2004
2762,2762,11/12/2004 0:00,4,11,2004
2763,2763,11/23/2004 0:00,4,11,2004
2764,2764,12/3/2004 0:00,4,12,2004
2765,2765,12/17/2004 0:00,4,12,2004
2766,2766,1/31/2005 0:00,1,1,2005
2767,2767,3/1/2005 0:00,1,3,2005
2768,2768,3/30/2005 0:00,1,3,2005
2769,2769,4/3/2005 0:00,2,4,2005
2770,2770,5/10/2005 0:00,2,5,2005
2771,2771,2/17/2003 0:00,1,2,2003
2772,2772,4/28/2003 0:00,2,4,2003
2773,2773,6/16/2003 0:00,2,6,2003
2774,2774,8/10/2003 0:00,3,8,2003
2775,2775,10/6/2003 0:00,4,10,2003
2776,2776,10/23/2003 0:00,4,10,2003
2777,2777,11/8/2003 0:00,4,11,2003
2778,2778,11/14/2003 0:00,4,11,2003
2779,2779,11/26/2003 0:00,4,11,2003
2780,2780,1/9/2004 0:00,1,1,2004
2781,2781,2/19/2004 0:00,1,2,2004
2782,2782,5/8/2004 0:00,2,5,2004
2783,2783,6/24/2004 0:00,2,6,2004
2784,2784,7/21/2004 0:00,3,7,2004
2785,2785,8/20/2004 0:00,3,8,2004
2786,2786,9/15/2004 0:00,3,9,2004
2787,2787,10/14/2004 0:00,4,10,2004
2788,2788,11/1/2004 0:00,4,11,2004
2789,2789,11/15/2004 0:00,4,11,2004
2790,2790,11/23/2004 0:00,4,11,2004
2791,2791,12/3/2004 0:00,4,12,2004
2792,2792,12/17/2004 0:00,4,12,2004
2793,2793,1/31/2005 0:00,1,1,2005
2794,2794,3/1/2005 0:00,1,3,2005
2795,2795,3/30/2005 0:00,1,3,2005
2796,2796,4/1/2005 0:00,2,4,2005
2797,2797,5/9/2005 0:00,2,5,2005
2798,2798,2/11/2003 0:00,1,2,2003
2799,2799,4/16/2003 0:00,2,4,2003
2800,2800,6/12/2003 0:00,2,6,2003
2801,2801,8/8/2003 0:00,3,8,2003
2802,2802,9/28/2003 0:00,3,9,2003
2803,2803,10/23/2003 0:00,4,10,2003
2804,2804,11/7/2003 0:00,4,11,2003
2805,2805,11/14/2003 0:00,4,11,2003
2806,2806,11/26/2003 0:00,4,11,2003
2807,2807,1/2/2004 0:00,1,1,2004
2808,2808,2/19/2004 0:00,1,2,2004
2809,2809,3/20/2004 0:00,1,3,2004
2810,2810,5/7/2004 0:00,2,5,2004
2811,2811,6/17/2004 0:00,2,6,2004
2812,2812,7/21/2004 0:00,3,7,2004
2813,2813,8/20/2004 0:00,3,8,2004
2814,2814,9/9/2004 0:00,3,9,2004
2815,2815,10/14/2004 0:00,4,10,2004
2816,2816,10/29/2004 0:00,4,10,2004
2817,2817,11/10/2004 0:00,4,11,2004
2818,2818,11/21/2004 0:00,4,11,2004
2819,2819,12/2/2004 0:00,4,12,2004
2820,2820,1/31/2005 0:00,1,1,2005
2821,2821,3/1/2005 0:00,1,3,2005
2822,2822,3/28/2005 0:00,1,3,2005
2823,2823,5/6/2005 0:00,2,5,2005